Online_Service_Metrics_ID,Date,Total_Resolution_Time,Total_Requests
1,2020-01-05,5519,68
2,2020-01-06,5939,66
3,2020-01-07,6021,56
4,2020-01-08,5541,45
5,2020-01-09,8924,71
6,2020-01-10,6169,70
7,2020-01-11,4867,43
8,2020-01-12,6225,63
9,2020-01-13,7202,55
10,2020-01-14,7324,58
11,2020-01-15,5557,60
12,2020-01-16,7774,59
13,2020-01-17,10765,77
14,2020-01-18,5665,72
15,2020-01-19,4249,40
16,2020-01-20,8334,84
17,2020-01-21,6622,57
18,2020-01-22,7509,61
19,2020-01-23,4654,51
20,2020-01-24,7407,54
21,2020-01-25,7292,70
22,2020-01-26,5913,50
23,2020-01-27,8323,59
24,2020-01-28,10787,76
25,2020-01-29,4500,51
26,2020-01-30,8533,67
27,2020-01-31,6620,51
28,2020-02-01,8089,62
29,2020-02-02,7503,56
30,2020-02-03,6535,64
31,2020-02-04,9538,69
32,2020-02-05,5056,57
33,2020-02-06,5502,58
34,2020-02-07,5809,54
35,2020-02-08,6247,58
36,2020-02-09,6781,63
37,2020-02-10,6131,58
38,2020-02-11,6774,71
39,2020-02-12,4963,56
40,2020-02-13,8560,63
41,2020-02-14,8430,60
42,2020-02-15,9557,70
43,2020-02-16,5935,55
44,2020-02-17,5209,57
45,2020-02-18,4908,56
46,2020-02-19,5896,64
47,2020-02-20,4249,54
48,2020-02-21,4662,53
49,2020-02-22,7551,66
50,2020-02-23,5047,53
51,2020-02-24,10851,78
52,2020-02-25,7140,58
53,2020-02-26,5905,70
54,2020-02-27,6413,63
55,2020-02-28,5779,50
56,2020-02-29,3830,41
57,2020-03-01,7922,63
58,2020-03-02,7647,60
59,2020-03-03,3933,50
60,2020-03-04,5241,53
61,2020-03-05,7232,55
62,2020-03-06,4823,56
63,2020-03-07,6584,54
64,2020-03-08,5309,55
65,2020-03-09,5563,56
66,2020-03-10,7016,60
67,2020-03-11,7840,59
68,2020-03-12,6668,68
69,2020-03-13,6070,56
70,2020-03-14,8376,61
71,2020-03-15,6455,52
72,2020-03-16,9051,65
73,2020-03-17,4170,45
74,2020-03-18,5537,60
75,2020-03-19,4591,50
76,2020-03-20,5270,42
77,2020-03-21,8282,60
78,2020-03-22,5320,69
79,2020-03-23,3655,42
80,2020-03-24,8143,57
81,2020-03-25,5734,57
82,2020-03-26,4889,57
83,2020-03-27,6136,51
84,2020-03-28,6234,59
85,2020-03-29,4237,55
86,2020-03-30,8271,63
87,2020-03-31,5956,57
88,2020-04-01,7444,65
89,2020-04-02,6112,57
90,2020-04-03,7535,58
91,2020-04-04,9172,72
92,2020-04-05,4970,64
93,2020-04-06,6928,55
94,2020-04-07,8874,69
95,2020-04-08,8231,67
96,2020-04-09,6250,57
97,2020-04-10,7148,66
98,2020-04-11,8153,64
99,2020-04-12,5448,54
100,2020-04-13,5727,69
101,2020-04-14,5096,61
102,2020-04-15,7578,70
103,2020-04-16,8025,66
104,2020-04-17,5935,58
105,2020-04-18,8313,80
106,2020-04-19,8034,67
107,2020-04-20,4541,56
108,2020-04-21,8003,64
109,2020-04-22,5808,55
110,2020-04-23,6270,59
111,2020-04-24,5266,55
112,2020-04-25,7008,70
113,2020-04-26,5394,57
114,2020-04-27,6557,57
115,2020-04-28,5033,64
116,2020-04-29,5347,63
117,2020-04-30,6366,64
118,2020-05-01,6381,58
119,2020-05-02,4653,55
120,2020-05-03,5694,62
121,2020-05-04,8836,62
122,2020-05-05,5441,54
123,2020-05-06,7483,54
124,2020-05-07,9228,65
125,2020-05-08,4588,56
126,2020-05-09,6084,64
127,2020-05-10,8957,66
128,2020-05-11,6886,55
129,2020-05-12,8289,62
130,2020-05-13,5667,61
131,2020-05-14,7348,63
132,2020-05-15,6134,76
133,2020-05-16,6913,57
134,2020-05-17,7118,61
135,2020-05-18,10383,77
136,2020-05-19,4555,43
137,2020-05-20,7122,68
138,2020-05-21,7331,62
139,2020-05-22,6952,54
140,2020-05-23,6342,59
141,2020-05-24,7367,58
142,2020-05-25,5840,51
143,2020-05-26,5332,52
144,2020-05-27,7881,56
145,2020-05-28,6076,58
146,2020-05-29,6848,56
147,2020-05-30,7500,62
148,2020-05-31,3775,44
149,2020-06-01,6676,57
150,2020-06-02,6711,52
151,2020-06-03,7856,64
152,2020-06-04,5804,55
153,2020-06-05,5523,52
154,2020-06-06,9424,69
155,2020-06-07,6702,55
156,2020-06-08,8745,68
157,2020-06-09,6555,61
158,2020-06-10,9132,70
159,2020-06-11,7640,70
160,2020-06-12,5349,59
161,2020-06-13,8110,57
162,2020-06-14,7231,69
163,2020-06-15,5829,51
164,2020-06-16,8218,62
165,2020-06-17,6227,54
166,2020-06-18,8302,67
167,2020-06-19,8148,57
168,2020-06-20,8591,62
169,2020-06-21,4433,53
170,2020-06-22,6899,62
171,2020-06-23,7416,62
172,2020-06-24,7443,53
173,2020-06-25,7191,55
174,2020-06-26,8524,68
175,2020-06-27,7097,61
176,2020-06-28,6671,62
177,2020-06-29,5436,52
178,2020-06-30,8169,58
179,2020-07-01,4353,54
180,2020-07-02,7552,76
181,2020-07-03,6797,54
182,2020-07-04,5535,67
183,2020-07-05,8944,63
184,2020-07-06,7565,57
185,2020-07-07,6301,67
186,2020-07-08,5093,53
187,2020-07-09,4235,51
188,2020-07-10,8109,57
189,2020-07-11,7562,59
190,2020-07-12,9609,72
191,2020-07-13,5934,63
192,2020-07-14,8405,62
193,2020-07-15,10647,77
194,2020-07-16,5186,67
195,2020-07-17,7705,71
196,2020-07-18,6188,57
197,2020-07-19,8955,64
198,2020-07-20,5409,58
199,2020-07-21,6331,51
200,2020-07-22,3895,49
201,2020-07-23,6644,49
202,2020-07-24,3875,46
203,2020-07-25,6365,61
204,2020-07-26,5905,63
205,2020-07-27,9572,69
206,2020-07-28,5097,65
207,2020-07-29,6699,75
208,2020-07-30,7036,55
209,2020-07-31,6579,65
210,2020-08-01,4630,59
211,2020-08-02,5320,54
212,2020-08-03,4677,55
213,2020-08-04,6783,64
214,2020-08-05,7188,68
215,2020-08-06,7814,61
216,2020-08-07,5169,66
217,2020-08-08,4366,48
218,2020-08-09,6267,61
219,2020-08-10,9290,65
220,2020-08-11,5901,68
221,2020-08-12,6137,65
222,2020-08-13,6845,79
223,2020-08-14,8261,64
224,2020-08-15,5026,63
225,2020-08-16,5096,57
226,2020-08-17,7956,58
227,2020-08-18,5987,57
228,2020-08-19,6058,65
229,2020-08-20,5956,55
230,2020-08-21,7303,56
231,2020-08-22,6544,64
232,2020-08-23,7866,56
233,2020-08-24,10014,71
234,2020-08-25,4080,46
235,2020-08-26,8581,77
236,2020-08-27,7591,69
237,2020-08-28,8494,64
238,2020-08-29,5454,52
239,2020-08-30,8390,60
240,2020-08-31,7752,70
241,2020-09-01,7846,64
242,2020-09-02,5677,61
243,2020-09-03,6114,53
244,2020-09-04,4733,59
245,2020-09-05,7984,63
246,2020-09-06,9349,69
247,2020-09-07,8167,58
248,2020-09-08,7947,57
249,2020-09-09,8631,67
250,2020-09-10,5437,65
251,2020-09-11,10196,79
252,2020-09-12,7569,64
253,2020-09-13,6563,60
254,2020-09-14,5849,55
255,2020-09-15,7672,65
256,2020-09-16,6223,57
257,2020-09-17,6978,60
258,2020-09-18,6918,58
259,2020-09-19,6459,62
260,2020-09-20,6152,62
261,2020-09-21,7526,54
262,2020-09-22,8379,72
263,2020-09-23,6173,57
264,2020-09-24,6853,78
265,2020-09-25,6797,57
266,2020-09-26,9330,67
267,2020-09-27,7727,60
268,2020-09-28,6015,66
269,2020-09-29,6721,55
270,2020-09-30,4408,57
271,2020-10-01,6888,53
272,2020-10-02,4958,42
273,2020-10-03,4363,53
274,2020-10-04,7031,59
275,2020-10-05,6923,70
276,2020-10-06,6472,58
277,2020-10-07,4365,56
278,2020-10-08,5166,65
279,2020-10-09,7366,53
280,2020-10-10,8952,83
281,2020-10-11,5205,60
282,2020-10-12,7675,55
283,2020-10-13,4834,61
284,2020-10-14,6487,58
285,2020-10-15,8913,70
286,2020-10-16,8817,68
287,2020-10-17,8473,69
288,2020-10-18,7132,66
289,2020-10-19,7979,56
290,2020-10-20,6508,57
291,2020-10-21,5737,66
292,2020-10-22,8205,65
293,2020-10-23,5022,47
294,2020-10-24,7007,69
295,2020-10-25,5092,64
296,2020-10-26,5488,65
297,2020-10-27,7249,71
298,2020-10-28,5808,55
299,2020-10-29,5995,63
300,2020-10-30,6821,59
301,2020-10-31,6375,66
302,2020-11-01,7933,63
303,2020-11-02,6436,75
304,2020-11-03,6694,66
305,2020-11-04,5429,59
306,2020-11-05,5684,57
307,2020-11-06,8500,70
308,2020-11-07,5451,55
309,2020-11-08,8524,61
310,2020-11-09,5757,59
311,2020-11-10,5388,52
312,2020-11-11,5772,61
313,2020-11-12,5227,49
314,2020-11-13,7734,63
315,2020-11-14,6098,49
316,2020-11-15,6159,69
317,2020-11-16,6244,54
318,2020-11-17,5487,52
319,2020-11-18,8974,66
320,2020-11-19,7562,60
321,2020-11-20,6658,57
322,2020-11-21,5899,59
323,2020-11-22,5791,69
324,2020-11-23,4692,51
325,2020-11-24,7087,55
326,2020-11-25,6553,47
327,2020-11-26,7186,60
328,2020-11-27,5399,41
329,2020-11-28,5893,62
330,2020-11-29,8076,75
331,2020-11-30,7500,60
332,2020-12-01,6064,57
333,2020-12-02,7143,56
334,2020-12-03,5982,58
335,2020-12-04,8518,60
336,2020-12-05,8126,64
337,2020-12-06,5617,59
338,2020-12-07,5297,59
339,2020-12-08,6868,62
340,2020-12-09,4302,54
341,2020-12-10,6712,82
342,2020-12-11,5565,59
343,2020-12-12,7688,72
344,2020-12-13,7943,57
345,2020-12-14,8165,67
346,2020-12-15,8430,60
347,2020-12-16,6653,79
348,2020-12-17,7016,67
349,2020-12-18,5660,46
350,2020-12-19,7686,67
351,2020-12-20,6835,62
352,2020-12-21,6281,58
353,2020-12-22,6203,60
354,2020-12-23,5352,60
355,2020-12-24,7046,71
356,2020-12-25,4673,41
357,2020-12-26,7719,62
358,2020-12-27,6783,60
359,2020-12-28,8070,65
360,2020-12-29,8274,62
361,2020-12-30,5988,57
362,2020-12-31,5313,60
363,2021-01-01,6656,78
364,2021-01-02,5575,67
365,2021-01-03,5333,58
366,2021-01-04,8071,64
367,2021-01-05,6452,57
368,2021-01-06,6780,60
369,2021-01-07,6868,52
370,2021-01-08,7372,57
371,2021-01-09,6839,51
372,2021-01-10,5947,65
373,2021-01-11,5954,57
374,2021-01-12,4979,53
375,2021-01-13,5706,69
376,2021-01-14,9092,72
377,2021-01-15,5297,66
378,2021-01-16,5334,58
379,2021-01-17,6175,52
380,2021-01-18,5895,58
381,2021-01-19,5946,46
382,2021-01-20,8570,66
383,2021-01-21,4408,57
384,2021-01-22,3840,48
385,2021-01-23,7616,55
386,2021-01-24,5220,52
387,2021-01-25,6037,48
388,2021-01-26,4745,56
389,2021-01-27,6276,65
390,2021-01-28,7359,63
391,2021-01-29,8472,66
392,2021-01-30,6426,66
393,2021-01-31,7229,77
394,2021-02-01,8692,74
395,2021-02-02,4543,58
396,2021-02-03,7530,62
397,2021-02-04,5882,62
398,2021-02-05,7160,74
399,2021-02-06,8892,64
400,2021-02-07,6881,61
401,2021-02-08,8593,68
402,2021-02-09,5520,55
403,2021-02-10,5714,48
404,2021-02-11,6855,64
405,2021-02-12,7321,63
406,2021-02-13,6100,67
407,2021-02-14,7478,64
408,2021-02-15,7898,57
409,2021-02-16,8429,72
410,2021-02-17,8520,67
411,2021-02-18,9127,68
412,2021-02-19,7005,52
413,2021-02-20,6760,51
414,2021-02-21,7136,70
415,2021-02-22,8731,64
416,2021-02-23,3756,47
417,2021-02-24,8172,64
418,2021-02-25,5579,57
419,2021-02-26,6753,55
420,2021-02-27,5915,61
421,2021-02-28,9361,69
422,2021-03-01,6644,66
423,2021-03-02,5044,58
424,2021-03-03,7675,56
425,2021-03-04,9198,67
426,2021-03-05,5399,69
427,2021-03-06,9143,66
428,2021-03-07,6640,59
429,2021-03-08,6300,54
430,2021-03-09,4198,46
431,2021-03-10,7404,66
432,2021-03-11,4781,62
433,2021-03-12,6517,46
434,2021-03-13,6628,58
435,2021-03-14,8413,66
436,2021-03-15,6419,57
437,2021-03-16,6839,59
438,2021-03-17,5091,63
439,2021-03-18,4695,52
440,2021-03-19,6778,64
441,2021-03-20,8292,60
442,2021-03-21,6664,62
443,2021-03-22,6509,62
444,2021-03-23,9839,71
445,2021-03-24,6117,52
446,2021-03-25,4246,52
447,2021-03-26,8614,76
448,2021-03-27,7851,57
449,2021-03-28,7071,57
450,2021-03-29,4460,49
451,2021-03-30,6673,66
452,2021-03-31,4549,54
453,2021-04-01,5122,57
454,2021-04-02,4635,50
455,2021-04-03,6230,53
456,2021-04-04,8008,60
457,2021-04-05,8651,61
458,2021-04-06,6675,66
459,2021-04-07,8213,61
460,2021-04-08,6717,70
461,2021-04-09,5705,50
462,2021-04-10,4995,54
463,2021-04-11,6814,59
464,2021-04-12,6435,54
465,2021-04-13,8416,65
466,2021-04-14,9244,72
467,2021-04-15,5422,58
468,2021-04-16,6337,57
469,2021-04-17,8091,68
470,2021-04-18,8299,60
471,2021-04-19,6112,62
472,2021-04-20,6486,46
473,2021-04-21,5206,60
474,2021-04-22,7499,56
475,2021-04-23,7906,62
476,2021-04-24,8506,72
477,2021-04-25,6668,59
478,2021-04-26,7415,59
479,2021-04-27,4545,55
480,2021-04-28,3737,48
481,2021-04-29,6657,72
482,2021-04-30,5313,54
483,2021-05-01,6196,57
484,2021-05-02,6907,56
485,2021-05-03,7937,70
486,2021-05-04,8037,75
487,2021-05-05,7621,63
488,2021-05-06,8034,65
489,2021-05-07,8043,60
490,2021-05-08,5898,53
491,2021-05-09,5345,66
492,2021-05-10,4935,62
493,2021-05-11,5231,38
494,2021-05-12,7287,74
495,2021-05-13,5636,53
496,2021-05-14,4591,47
497,2021-05-15,9016,68
498,2021-05-16,6582,52
499,2021-05-17,8772,63
500,2021-05-18,9509,68
501,2021-05-19,9417,71
502,2021-05-20,9121,68
503,2021-05-21,3509,45
504,2021-05-22,8245,66
505,2021-05-23,6746,59
506,2021-05-24,6549,68
507,2021-05-25,6049,66
508,2021-05-26,3421,42
509,2021-05-27,5626,54
510,2021-05-28,7353,58
511,2021-05-29,4266,50
512,2021-05-30,6668,49
513,2021-05-31,10434,73
514,2021-06-01,5973,55
515,2021-06-02,4762,53
516,2021-06-03,7656,59
517,2021-06-04,7206,67
518,2021-06-05,7070,54
519,2021-06-06,4877,52
520,2021-06-07,6669,57
521,2021-06-08,4843,57
522,2021-06-09,5105,47
523,2021-06-10,5456,59
524,2021-06-11,6423,67
525,2021-06-12,6209,72
526,2021-06-13,6606,50
527,2021-06-14,6868,55
528,2021-06-15,7250,83
529,2021-06-16,6169,49
530,2021-06-17,4981,54
531,2021-06-18,8525,71
532,2021-06-19,4580,58
533,2021-06-20,6858,59
534,2021-06-21,5956,55
535,2021-06-22,8515,66
536,2021-06-23,5162,65
537,2021-06-24,5308,65
538,2021-06-25,7640,65
539,2021-06-26,7862,66
540,2021-06-27,6584,52
541,2021-06-28,6286,59
542,2021-06-29,5739,61
543,2021-06-30,8010,57
544,2021-07-01,4442,49
545,2021-07-02,6267,69
546,2021-07-03,6293,67
547,2021-07-04,4819,62
548,2021-07-05,6182,61
549,2021-07-06,7212,64
550,2021-07-07,5205,59
551,2021-07-08,5905,63
552,2021-07-09,6728,57
553,2021-07-10,6988,64
554,2021-07-11,5041,56
555,2021-07-12,7643,65
556,2021-07-13,6638,48
557,2021-07-14,6363,49
558,2021-07-15,6290,53
559,2021-07-16,5467,57
560,2021-07-17,4420,47
561,2021-07-18,4860,61
562,2021-07-19,7052,58
563,2021-07-20,6674,71
564,2021-07-21,4735,53
565,2021-07-22,8577,71
566,2021-07-23,4409,46
567,2021-07-24,6106,57
568,2021-07-25,4641,60
569,2021-07-26,9616,68
570,2021-07-27,7375,56
571,2021-07-28,9337,66
572,2021-07-29,5786,73
573,2021-07-30,4458,55
574,2021-07-31,10788,79
575,2021-08-01,6656,71
576,2021-08-02,5478,61
577,2021-08-03,8415,62
578,2021-08-04,8066,71
579,2021-08-05,6968,51
580,2021-08-06,5371,50
581,2021-08-07,8263,64
582,2021-08-08,8122,64
583,2021-08-09,6208,61
584,2021-08-10,8230,58
585,2021-08-11,4985,59
586,2021-08-12,5003,52
587,2021-08-13,6065,57
588,2021-08-14,6888,65
589,2021-08-15,5979,57
590,2021-08-16,7111,69
591,2021-08-17,7269,69
592,2021-08-18,5254,61
593,2021-08-19,10111,80
594,2021-08-20,8693,68
595,2021-08-21,5188,59
596,2021-08-22,7547,59
597,2021-08-23,8039,67
598,2021-08-24,4592,56
599,2021-08-25,7816,66
600,2021-08-26,4401,54
601,2021-08-27,7299,53
602,2021-08-28,6834,71
603,2021-08-29,5212,59
604,2021-08-30,9242,76
605,2021-08-31,6507,61
606,2021-09-01,7002,53
607,2021-09-02,5104,50
608,2021-09-03,7307,60
609,2021-09-04,4759,53
610,2021-09-05,8694,69
611,2021-09-06,5341,56
612,2021-09-07,6720,64
613,2021-09-08,7000,62
614,2021-09-09,7019,51
615,2021-09-10,6109,53
616,2021-09-11,7000,58
617,2021-09-12,8443,71
618,2021-09-13,9283,71
619,2021-09-14,10158,72
620,2021-09-15,7260,66
621,2021-09-16,7048,59
622,2021-09-17,6977,61
623,2021-09-18,6668,65
624,2021-09-19,5503,71
625,2021-09-20,4592,53
626,2021-09-21,9694,68
627,2021-09-22,6426,54
628,2021-09-23,5526,48
629,2021-09-24,4755,60
630,2021-09-25,4922,48
631,2021-09-26,4529,52
632,2021-09-27,7097,67
633,2021-09-28,5943,44
634,2021-09-29,4307,53
635,2021-09-30,5925,61
636,2021-10-01,5488,55
637,2021-10-02,8581,68
638,2021-10-03,8735,67
639,2021-10-04,5000,58
640,2021-10-05,5665,61
641,2021-10-06,6573,64
642,2021-10-07,7115,68
643,2021-10-08,7183,55
644,2021-10-09,8000,58
645,2021-10-10,6425,53
646,2021-10-11,8792,64
647,2021-10-12,6437,59
648,2021-10-13,8176,70
649,2021-10-14,7870,68
650,2021-10-15,5642,68
651,2021-10-16,7663,69
652,2021-10-17,7742,67
653,2021-10-18,8301,61
654,2021-10-19,5372,59
655,2021-10-20,5684,51
656,2021-10-21,5936,60
657,2021-10-22,8184,70
658,2021-10-23,8058,60
659,2021-10-24,4509,41
660,2021-10-25,6177,71
661,2021-10-26,6808,62
662,2021-10-27,10160,73
663,2021-10-28,4837,50
664,2021-10-29,8197,70
665,2021-10-30,6218,65
666,2021-10-31,7044,53
667,2021-11-01,4498,51
668,2021-11-02,6507,60
669,2021-11-03,6885,71
670,2021-11-04,5527,60
671,2021-11-05,6616,65
672,2021-11-06,8416,59
673,2021-11-07,6187,59
674,2021-11-08,6487,63
675,2021-11-09,8152,68
676,2021-11-10,9849,70
677,2021-11-11,6470,63
678,2021-11-12,5800,62
679,2021-11-13,4879,48
680,2021-11-14,6306,53
681,2021-11-15,4641,48
682,2021-11-16,7662,74
683,2021-11-17,3507,41
684,2021-11-18,7511,68
685,2021-11-19,5743,72
686,2021-11-20,6661,50
687,2021-11-21,4060,47
688,2021-11-22,6149,45
689,2021-11-23,5088,46
690,2021-11-24,3658,47
691,2021-11-25,4357,53
692,2021-11-26,4938,49
693,2021-11-27,7694,67
694,2021-11-28,5557,57
695,2021-11-29,6622,77
696,2021-11-30,4994,52
697,2021-12-01,5672,63
698,2021-12-02,7117,61
699,2021-12-03,5895,47
700,2021-12-04,9594,71
701,2021-12-05,10894,77
702,2021-12-06,4777,58
703,2021-12-07,6306,56
704,2021-12-08,8391,64
705,2021-12-09,5749,54
706,2021-12-10,5286,46
707,2021-12-11,4515,46
708,2021-12-12,6898,76
709,2021-12-13,6529,50
710,2021-12-14,5752,59
711,2021-12-15,6504,49
712,2021-12-16,7588,57
713,2021-12-17,5895,50
714,2021-12-18,6918,54
715,2021-12-19,8833,62
716,2021-12-20,7645,63
717,2021-12-21,5975,62
718,2021-12-22,7380,58
719,2021-12-23,8050,66
720,2021-12-24,7770,68
721,2021-12-25,6669,62
722,2021-12-26,8660,64
723,2021-12-27,7562,53
724,2021-12-28,5504,65
725,2021-12-29,6147,61
726,2021-12-30,5746,63
727,2021-12-31,7179,62
728,2022-01-01,5370,68
729,2022-01-02,7375,52
730,2022-01-03,7341,54
731,2022-01-04,5015,54
732,2022-01-05,5840,53
733,2022-01-06,6225,56
734,2022-01-07,7830,70
735,2022-01-08,6034,66
736,2022-01-09,5277,52
737,2022-01-10,5661,72
738,2022-01-11,9034,76
739,2022-01-12,4342,50
740,2022-01-13,6126,63
741,2022-01-14,7073,61
742,2022-01-15,7181,60
743,2022-01-16,7993,65
744,2022-01-17,9584,68
745,2022-01-18,8286,59
746,2022-01-19,5705,59
747,2022-01-20,7405,74
748,2022-01-21,5887,64
749,2022-01-22,6303,51
750,2022-01-23,5048,61
751,2022-01-24,5137,58
752,2022-01-25,9140,64
753,2022-01-26,4041,48
754,2022-01-27,8286,58
755,2022-01-28,7211,65
756,2022-01-29,8011,67
757,2022-01-30,8454,74
758,2022-01-31,8539,64
759,2022-02-01,6498,60
760,2022-02-02,7916,56
761,2022-02-03,5962,76
762,2022-02-04,6965,54
763,2022-02-05,5908,52
764,2022-02-06,7154,57
765,2022-02-07,4748,59
766,2022-02-08,5475,56
767,2022-02-09,4711,44
768,2022-02-10,6427,63
769,2022-02-11,6120,66
770,2022-02-12,5731,46
771,2022-02-13,7369,67
772,2022-02-14,8838,71
773,2022-02-15,5888,53
774,2022-02-16,6998,49
775,2022-02-17,7005,64
776,2022-02-18,5092,63
777,2022-02-19,6700,65
778,2022-02-20,9454,70
779,2022-02-21,6496,52
780,2022-02-22,5766,60
781,2022-02-23,7065,54
782,2022-02-24,5734,60
783,2022-02-25,6373,46
784,2022-02-26,7719,62
785,2022-02-27,3698,48
786,2022-02-28,5578,70
787,2022-03-01,5826,60
788,2022-03-02,5438,59
789,2022-03-03,7396,59
790,2022-03-04,4419,56
791,2022-03-05,7550,62
792,2022-03-06,7786,63
793,2022-03-07,7087,53
794,2022-03-08,7151,55
795,2022-03-09,4117,51
796,2022-03-10,7075,64
797,2022-03-11,5418,65
798,2022-03-12,4264,53
799,2022-03-13,9786,71
800,2022-03-14,4492,55
801,2022-03-15,8601,65
802,2022-03-16,7365,61
803,2022-03-17,7606,66
804,2022-03-18,8226,58
805,2022-03-19,5712,60
806,2022-03-20,7263,53
807,2022-03-21,5190,50
808,2022-03-22,7409,70
809,2022-03-23,7317,63
810,2022-03-24,7688,62
811,2022-03-25,7307,65
812,2022-03-26,6521,65
813,2022-03-27,6033,57
814,2022-03-28,7873,57
815,2022-03-29,6317,63
816,2022-03-30,6272,55
817,2022-03-31,6119,60
818,2022-04-01,6829,59
819,2022-04-02,7272,59
820,2022-04-03,6777,63
821,2022-04-04,5776,61
822,2022-04-05,6353,65
823,2022-04-06,5457,54
824,2022-04-07,5473,62
825,2022-04-08,6594,55
826,2022-04-09,4777,58
827,2022-04-10,8427,63
828,2022-04-11,8928,63
829,2022-04-12,4916,57
830,2022-04-13,4980,61
831,2022-04-14,8006,62
832,2022-04-15,5129,50
833,2022-04-16,6506,65
834,2022-04-17,8768,73
835,2022-04-18,6203,48
836,2022-04-19,6373,54
837,2022-04-20,4147,48
838,2022-04-21,5674,43
839,2022-04-22,6344,58
840,2022-04-23,6421,58
841,2022-04-24,6401,48
842,2022-04-25,4772,49
843,2022-04-26,5868,49
844,2022-04-27,8396,60
845,2022-04-28,7669,58
846,2022-04-29,8357,63
847,2022-04-30,4765,58
848,2022-05-01,5862,61
849,2022-05-02,7512,61
850,2022-05-03,7176,55
851,2022-05-04,5380,61
852,2022-05-05,7429,57
853,2022-05-06,7469,54
854,2022-05-07,4441,54
855,2022-05-08,5401,58
856,2022-05-09,5717,62
857,2022-05-10,9083,64
858,2022-05-11,7746,55
859,2022-05-12,6815,56
860,2022-05-13,8062,59
861,2022-05-14,8845,62
862,2022-05-15,9084,64
863,2022-05-16,6815,60
864,2022-05-17,8558,72
865,2022-05-18,5642,70
866,2022-05-19,7588,63
867,2022-05-20,8113,62
868,2022-05-21,6041,60
869,2022-05-22,8328,61
870,2022-05-23,7157,52
871,2022-05-24,5917,57
872,2022-05-25,5185,52
873,2022-05-26,8557,62
874,2022-05-27,5910,59
875,2022-05-28,5067,58
876,2022-05-29,7333,59
877,2022-05-30,6231,52
878,2022-05-31,6781,62
879,2022-06-01,8288,60
880,2022-06-02,7354,59
881,2022-06-03,6033,54
882,2022-06-04,7321,55
883,2022-06-05,7419,54
884,2022-06-06,5956,76
885,2022-06-07,5744,49
886,2022-06-08,8903,73
887,2022-06-09,5446,45
888,2022-06-10,6141,61
889,2022-06-11,5096,53
890,2022-06-12,6402,51
891,2022-06-13,3955,48
892,2022-06-14,8951,63
893,2022-06-15,7023,62
894,2022-06-16,6038,54
895,2022-06-17,6057,55
896,2022-06-18,6832,71
897,2022-06-19,5977,63
898,2022-06-20,4254,50
899,2022-06-21,5879,74
900,2022-06-22,7346,67
901,2022-06-23,5155,61
902,2022-06-24,5881,65
903,2022-06-25,5501,67
904,2022-06-26,7787,65
905,2022-06-27,5483,54
906,2022-06-28,7233,68
907,2022-06-29,6993,59
908,2022-06-30,6683,57
909,2022-07-01,6122,56
910,2022-07-02,5576,59
911,2022-07-03,8924,64
912,2022-07-04,7686,60
913,2022-07-05,7388,60
914,2022-07-06,5264,61
915,2022-07-07,7254,63
916,2022-07-08,4784,61
917,2022-07-09,7806,57
918,2022-07-10,10054,78
919,2022-07-11,5409,57
920,2022-07-12,5981,67
921,2022-07-13,8675,63
922,2022-07-14,6412,59
923,2022-07-15,7762,68
924,2022-07-16,5528,42
925,2022-07-17,7913,66
926,2022-07-18,7233,61
927,2022-07-19,6565,50
928,2022-07-20,4915,54
929,2022-07-21,6696,72
930,2022-07-22,7596,74
931,2022-07-23,4615,58
932,2022-07-24,4982,60
933,2022-07-25,7257,67
934,2022-07-26,7285,67
935,2022-07-27,6116,44
936,2022-07-28,7000,67
937,2022-07-29,8134,63
938,2022-07-30,5112,61
939,2022-07-31,5389,65
940,2022-08-01,4221,49
941,2022-08-02,6827,70
942,2022-08-03,6311,66
943,2022-08-04,6391,56
944,2022-08-05,4109,46
945,2022-08-06,6628,49
946,2022-08-07,6477,62
947,2022-08-08,7311,66
948,2022-08-09,5901,67
949,2022-08-10,8773,63
950,2022-08-11,5509,51
951,2022-08-12,9416,67
952,2022-08-13,6587,64
953,2022-08-14,8524,64
954,2022-08-15,8474,72
955,2022-08-16,6169,51
956,2022-08-17,5136,46
957,2022-08-18,5387,52
958,2022-08-19,7751,62
959,2022-08-20,5291,46
960,2022-08-21,5129,65
961,2022-08-22,8159,67
962,2022-08-23,7543,67
963,2022-08-24,6426,57
964,2022-08-25,6731,57
965,2022-08-26,8297,73
966,2022-08-27,7857,61
967,2022-08-28,5008,62
968,2022-08-29,4500,53
969,2022-08-30,6753,63
970,2022-08-31,5087,58
971,2022-09-01,8847,65
972,2022-09-02,7119,58
973,2022-09-03,7012,55
974,2022-09-04,7678,70
975,2022-09-05,9524,67
976,2022-09-06,6504,61
977,2022-09-07,7836,58
978,2022-09-08,8167,62
979,2022-09-09,8893,69
980,2022-09-10,5804,69
981,2022-09-11,6428,66
982,2022-09-12,7607,63
983,2022-09-13,5453,53
984,2022-09-14,5834,54
985,2022-09-15,7335,52
986,2022-09-16,5369,51
987,2022-09-17,4101,50
988,2022-09-18,4986,46
989,2022-09-19,7787,69
990,2022-09-20,5643,63
991,2022-09-21,5269,59
992,2022-09-22,5397,57
993,2022-09-23,6457,62
994,2022-09-24,7067,51
995,2022-09-25,6168,60
996,2022-09-26,6647,61
997,2022-09-27,7556,71
998,2022-09-28,7608,62
999,2022-09-29,4833,61
1000,2022-09-30,7274,66
1001,2022-10-01,4911,48
1002,2022-10-02,8634,66
1003,2022-10-03,6282,64
1004,2022-10-04,8685,68
1005,2022-10-05,5727,55
1006,2022-10-06,5132,62
1007,2022-10-07,5418,68
1008,2022-10-08,5129,56
1009,2022-10-09,6064,72
1010,2022-10-10,9826,77
1011,2022-10-11,8103,75
1012,2022-10-12,7073,50
1013,2022-10-13,6720,59
1014,2022-10-14,8251,58
1015,2022-10-15,5190,67
1016,2022-10-16,6073,71
1017,2022-10-17,5387,54
1018,2022-10-18,7948,66
1019,2022-10-19,7982,65
1020,2022-10-20,8664,67
1021,2022-10-21,5217,51
1022,2022-10-22,7044,63
1023,2022-10-23,8102,58
1024,2022-10-24,5921,67
1025,2022-10-25,4516,54
1026,2022-10-26,7546,62
1027,2022-10-27,6289,60
1028,2022-10-28,4296,49
1029,2022-10-29,6711,57
1030,2022-10-30,6031,62
1031,2022-10-31,5743,53
1032,2022-11-01,8263,65
1033,2022-11-02,8503,71
1034,2022-11-03,8701,63
1035,2022-11-04,8629,81
1036,2022-11-05,6871,69
1037,2022-11-06,7389,65
1038,2022-11-07,9075,68
1039,2022-11-08,9286,73
1040,2022-11-09,6099,65
1041,2022-11-10,6594,59
1042,2022-11-11,6381,61
1043,2022-11-12,6236,66
1044,2022-11-13,6936,67
1045,2022-11-14,8364,63
1046,2022-11-15,6464,64
1047,2022-11-16,6578,61
1048,2022-11-17,8510,64
1049,2022-11-18,6998,60
1050,2022-11-19,6827,62
1051,2022-11-20,6407,59
1052,2022-11-21,5929,55
1053,2022-11-22,5361,57
1054,2022-11-23,6681,59
1055,2022-11-24,5334,54
1056,2022-11-25,6463,53
1057,2022-11-26,7984,65
1058,2022-11-27,6243,62
1059,2022-11-28,8211,66
1060,2022-11-29,7094,60
1061,2022-11-30,5624,60
1062,2022-12-01,8180,61
1063,2022-12-02,6856,59
1064,2022-12-03,6288,59
1065,2022-12-04,7475,62
1066,2022-12-05,4727,54
1067,2022-12-06,6294,58
1068,2022-12-07,4335,54
1069,2022-12-08,8860,69
1070,2022-12-09,5918,51
1071,2022-12-10,6138,57
1072,2022-12-11,6188,64
1073,2022-12-12,8946,64
1074,2022-12-13,7232,59
1075,2022-12-14,5601,64
1076,2022-12-15,7177,73
1077,2022-12-16,8056,58
1078,2022-12-17,3971,48
1079,2022-12-18,4254,53
1080,2022-12-19,7719,69
1081,2022-12-20,5722,55
1082,2022-12-21,5649,46
1083,2022-12-22,3910,50
1084,2022-12-23,6664,58
1085,2022-12-24,5935,70
1086,2022-12-25,4794,55
1087,2022-12-26,4029,48
1088,2022-12-27,7571,58
1089,2022-12-28,6469,46
1090,2022-12-29,7400,52
1091,2022-12-30,9068,69
1092,2022-12-31,8414,68
1093,2023-01-01,5024,61
1094,2023-01-02,7811,61
1095,2023-01-03,7596,65
1096,2023-01-04,6855,51
1097,2023-01-05,8283,65
1098,2023-01-06,7785,70
1099,2023-01-07,5837,50
1100,2023-01-08,5805,51
1101,2023-01-09,8782,64
1102,2023-01-10,6530,55
1103,2023-01-11,7720,66
1104,2023-01-12,4131,48
1105,2023-01-13,8568,61
1106,2023-01-14,5003,53
1107,2023-01-15,5946,61
1108,2023-01-16,6397,53
1109,2023-01-17,6432,57
1110,2023-01-18,4456,53
1111,2023-01-19,6117,50
1112,2023-01-20,4824,54
1113,2023-01-21,7267,55
1114,2023-01-22,5875,54
1115,2023-01-23,6570,60
1116,2023-01-24,7565,70
1117,2023-01-25,4690,60
1118,2023-01-26,9256,73
1119,2023-01-27,6154,50
1120,2023-01-28,4103,50
1121,2023-01-29,9868,70
1122,2023-01-30,5882,73
1123,2023-01-31,7466,56
1124,2023-02-01,5947,47
1125,2023-02-02,5584,51
1126,2023-02-03,5435,60
1127,2023-02-04,9615,72
1128,2023-02-05,5797,63
1129,2023-02-06,7553,64
1130,2023-02-07,8309,60
1131,2023-02-08,7071,71
1132,2023-02-09,7008,68
1133,2023-02-10,8028,69
1134,2023-02-11,6362,55
1135,2023-02-12,6058,51
1136,2023-02-13,9287,75
1137,2023-02-14,6792,69
1138,2023-02-15,3488,44
1139,2023-02-16,5141,64
1140,2023-02-17,6474,59
1141,2023-02-18,5107,55
1142,2023-02-19,7776,59
1143,2023-02-20,5118,58
1144,2023-02-21,4021,50
1145,2023-02-22,6991,53
1146,2023-02-23,4936,54
1147,2023-02-24,5537,59
1148,2023-02-25,7678,83
1149,2023-02-26,6322,66
1150,2023-02-27,5632,56
1151,2023-02-28,4119,50
1152,2023-03-01,5390,51
1153,2023-03-02,5959,59
1154,2023-03-03,6260,54
1155,2023-03-04,9451,67
1156,2023-03-05,6211,60
1157,2023-03-06,5803,57
1158,2023-03-07,5210,57
1159,2023-03-08,6441,64
1160,2023-03-09,7042,50
1161,2023-03-10,8187,67
1162,2023-03-11,6275,48
1163,2023-03-12,4978,61
1164,2023-03-13,7269,78
1165,2023-03-14,7576,56
1166,2023-03-15,9644,74
1167,2023-03-16,5723,62
1168,2023-03-17,4881,53
1169,2023-03-18,6953,57
1170,2023-03-19,6839,58
1171,2023-03-20,6257,62
1172,2023-03-21,4643,56
1173,2023-03-22,5028,64
1174,2023-03-23,6496,70
1175,2023-03-24,5252,61
1176,2023-03-25,5785,59
1177,2023-03-26,6232,66
1178,2023-03-27,4148,50
1179,2023-03-28,8964,65
1180,2023-03-29,6775,52
1181,2023-03-30,7684,59
1182,2023-03-31,7249,55
1183,2023-04-01,4823,61
1184,2023-04-02,6324,76
1185,2023-04-03,7274,62
1186,2023-04-04,6539,73
1187,2023-04-05,4469,52
1188,2023-04-06,4449,57
1189,2023-04-07,5885,56
1190,2023-04-08,8004,63
1191,2023-04-09,6937,60
1192,2023-04-10,5654,67
1193,2023-04-11,6243,64
1194,2023-04-12,7737,69
1195,2023-04-13,4875,53
1196,2023-04-14,5879,62
1197,2023-04-15,4314,50
1198,2023-04-16,4932,45
1199,2023-04-17,7522,62
1200,2023-04-18,9033,65
1201,2023-04-19,6719,64
1202,2023-04-20,5885,68
1203,2023-04-21,5862,59
1204,2023-04-22,7356,53
1205,2023-04-23,6906,61
1206,2023-04-24,7890,60
1207,2023-04-25,7440,61
1208,2023-04-26,5326,55
1209,2023-04-27,8697,62
1210,2023-04-28,6737,61
1211,2023-04-29,8185,63
1212,2023-04-30,6261,53
1213,2023-05-01,6145,48
1214,2023-05-02,7180,63
1215,2023-05-03,8647,63
1216,2023-05-04,6579,55
1217,2023-05-05,6540,72
1218,2023-05-06,6579,57
1219,2023-05-07,9520,69
1220,2023-05-08,5518,58
1221,2023-05-09,5012,64
1222,2023-05-10,5403,54
1223,2023-05-11,6771,61
1224,2023-05-12,5890,55
1225,2023-05-13,7243,63
1226,2023-05-14,6633,63
1227,2023-05-15,4245,52
1228,2023-05-16,8841,70
1229,2023-05-17,6373,75
1230,2023-05-18,5496,70
1231,2023-05-19,5397,55
1232,2023-05-20,5051,63
1233,2023-05-21,5112,59
1234,2023-05-22,8260,71
1235,2023-05-23,7951,69
1236,2023-05-24,5260,59
1237,2023-05-25,7799,61
1238,2023-05-26,8265,64
1239,2023-05-27,6558,61
1240,2023-05-28,6668,61
1241,2023-05-29,6096,66
1242,2023-05-30,5507,55
1243,2023-05-31,4681,51
1244,2023-06-01,4747,58
1245,2023-06-02,5413,66
1246,2023-06-03,7117,73
1247,2023-06-04,8711,63
1248,2023-06-05,6545,71
1249,2023-06-06,7190,55
1250,2023-06-07,5928,72
1251,2023-06-08,5432,63
1252,2023-06-09,7936,58
1253,2023-06-10,5769,53
1254,2023-06-11,5662,58
1255,2023-06-12,9189,70
1256,2023-06-13,4619,41
1257,2023-06-14,5350,59
1258,2023-06-15,5178,64
1259,2023-06-16,6007,52
1260,2023-06-17,4992,53
1261,2023-06-18,6150,45
1262,2023-06-19,5190,59
1263,2023-06-20,10397,75
1264,2023-06-21,8851,77
1265,2023-06-22,5710,61
1266,2023-06-23,7745,57
1267,2023-06-24,7056,63
1268,2023-06-25,6689,57
1269,2023-06-26,10323,76
1270,2023-06-27,10314,75
1271,2023-06-28,5559,49
1272,2023-06-29,5813,48
1273,2023-06-30,7375,62
1274,2023-07-01,3792,46
1275,2023-07-02,5587,64
1276,2023-07-03,6387,64
1277,2023-07-04,7154,67
1278,2023-07-05,5293,59
1279,2023-07-06,6852,69
1280,2023-07-07,5309,61
1281,2023-07-08,5737,66
1282,2023-07-09,6146,73
1283,2023-07-10,5783,54
1284,2023-07-11,7859,60
1285,2023-07-12,6271,66
1286,2023-07-13,6749,61
1287,2023-07-14,7683,60
1288,2023-07-15,4548,54
1289,2023-07-16,5724,59
1290,2023-07-17,7048,69
1291,2023-07-18,5964,65
1292,2023-07-19,6104,56
1293,2023-07-20,4290,42
1294,2023-07-21,8256,60
1295,2023-07-22,7264,53
1296,2023-07-23,5451,70
1297,2023-07-24,6352,52
1298,2023-07-25,8363,78
1299,2023-07-26,4307,54
1300,2023-07-27,4601,56
1301,2023-07-28,6852,50
1302,2023-07-29,7994,62
1303,2023-07-30,8130,59
1304,2023-07-31,7849,61
1305,2023-08-01,5613,59
1306,2023-08-02,4006,51
1307,2023-08-03,6916,57
1308,2023-08-04,9068,65
1309,2023-08-05,5046,61
1310,2023-08-06,8165,72
1311,2023-08-07,5638,64
1312,2023-08-08,9154,67
1313,2023-08-09,5922,76
1314,2023-08-10,5303,65
1315,2023-08-11,4139,51
1316,2023-08-12,6772,71
1317,2023-08-13,6555,51
1318,2023-08-14,4712,57
1319,2023-08-15,8381,69
1320,2023-08-16,5154,55
1321,2023-08-17,7321,59
1322,2023-08-18,6087,61
1323,2023-08-19,6680,69
1324,2023-08-20,8631,64
1325,2023-08-21,5668,52
1326,2023-08-22,7353,52
1327,2023-08-23,7970,61
1328,2023-08-24,3789,48
1329,2023-08-25,9555,68
1330,2023-08-26,5400,49
1331,2023-08-27,7908,68
1332,2023-08-28,9063,67
1333,2023-08-29,7390,65
1334,2023-08-30,6768,56
1335,2023-08-31,6673,62
1336,2023-09-01,5311,68
1337,2023-09-02,5834,65
1338,2023-09-03,4411,52
1339,2023-09-04,7283,54
1340,2023-09-05,7808,56
1341,2023-09-06,5077,51
1342,2023-09-07,9008,65
1343,2023-09-08,6596,61
1344,2023-09-09,6268,55
1345,2023-09-10,3845,43
1346,2023-09-11,7321,58
1347,2023-09-12,7834,55
1348,2023-09-13,5513,55
1349,2023-09-14,6003,43
1350,2023-09-15,7987,62
1351,2023-09-16,8138,60
1352,2023-09-17,6565,58
1353,2023-09-18,9496,69
1354,2023-09-19,7833,55
1355,2023-09-20,8603,61
1356,2023-09-21,4565,55
1357,2023-09-22,5279,51
1358,2023-09-23,5248,55
1359,2023-09-24,6956,55
1360,2023-09-25,4887,60
1361,2023-09-26,5666,61
1362,2023-09-27,4515,53
1363,2023-09-28,9359,78
1364,2023-09-29,5244,61
1365,2023-09-30,4638,60
1366,2023-10-01,5706,50
1367,2023-10-02,9006,67
1368,2023-10-03,5206,64
1369,2023-10-04,6554,59
1370,2023-10-05,4951,57
1371,2023-10-06,4107,51
1372,2023-10-07,6737,70
1373,2023-10-08,6421,58
1374,2023-10-09,5976,63
1375,2023-10-10,6779,59
1376,2023-10-11,10311,75
1377,2023-10-12,7020,76
1378,2023-10-13,4055,45
1379,2023-10-14,7169,55
1380,2023-10-15,8088,65
1381,2023-10-16,6861,74
1382,2023-10-17,7659,60
1383,2023-10-18,7754,74
1384,2023-10-19,5052,44
1385,2023-10-20,5032,46
1386,2023-10-21,6519,59
1387,2023-10-22,7780,60
1388,2023-10-23,6716,60
1389,2023-10-24,5801,61
1390,2023-10-25,6272,62
1391,2023-10-26,7040,77
1392,2023-10-27,6642,49
1393,2023-10-28,5295,56
1394,2023-10-29,6595,60
1395,2023-10-30,5077,64
1396,2023-10-31,5742,58
1397,2023-11-01,7376,58
1398,2023-11-02,6263,61
1399,2023-11-03,7163,61
1400,2023-11-04,9231,76
1401,2023-11-05,6312,49
1402,2023-11-06,10287,75
1403,2023-11-07,9144,64
1404,2023-11-08,8332,62
1405,2023-11-09,4150,44
1406,2023-11-10,8070,74
1407,2023-11-11,7399,52
1408,2023-11-12,4600,51
1409,2023-11-13,6241,59
1410,2023-11-14,6146,57
1411,2023-11-15,4862,48
1412,2023-11-16,5933,56
1413,2023-11-17,9085,73
1414,2023-11-18,7796,68
1415,2023-11-19,7412,66
1416,2023-11-20,9653,71
1417,2023-11-21,4635,45
1418,2023-11-22,5414,46
1419,2023-11-23,7282,67
1420,2023-11-24,4478,54
1421,2023-11-25,5922,56
1422,2023-11-26,5799,48
1423,2023-11-27,5794,66
1424,2023-11-28,5722,70
1425,2023-11-29,5366,47
1426,2023-11-30,7180,59
1427,2023-12-01,5881,58
1428,2023-12-02,7090,60
1429,2023-12-03,9119,75
1430,2023-12-04,7295,59
1431,2023-12-05,7619,67
1432,2023-12-06,6707,66
1433,2023-12-07,7389,58
1434,2023-12-08,9297,67
1435,2023-12-09,9615,70
1436,2023-12-10,5333,47
1437,2023-12-11,8237,67
1438,2023-12-12,7165,54
1439,2023-12-13,8001,68
1440,2023-12-14,5282,43
1441,2023-12-15,4732,61
1442,2023-12-16,5861,56
1443,2023-12-17,7118,55
1444,2023-12-18,5887,63
1445,2023-12-19,3864,47
1446,2023-12-20,5834,64
1447,2023-12-21,7664,77
1448,2023-12-22,4986,54
1449,2023-12-23,6740,55
1450,2023-12-24,5523,53
1451,2023-12-25,5288,60
1452,2023-12-26,8801,63
1453,2023-12-27,6803,66
1454,2023-12-28,5729,51
1455,2023-12-29,5484,64
1456,2023-12-30,3337,43
1457,2023-12-31,6542,61
1458,2024-01-01,4179,50
1459,2024-01-02,4163,46
1460,2024-01-03,5016,57
1461,2024-01-04,6083,62
1462,2024-01-05,4942,57
1463,2024-01-06,5022,60
1464,2024-01-07,5986,62
1465,2024-01-08,9101,64
1466,2024-01-09,5536,54
1467,2024-01-10,8227,62
1468,2024-01-11,5442,45
1469,2024-01-12,5592,56
1470,2024-01-13,6168,48
1471,2024-01-14,8123,58
1472,2024-01-15,4869,57
1473,2024-01-16,5735,71
1474,2024-01-17,8050,62
1475,2024-01-18,4007,50
1476,2024-01-19,4012,48
1477,2024-01-20,8767,68
1478,2024-01-21,6232,67
1479,2024-01-22,5264,43
1480,2024-01-23,6572,61
1481,2024-01-24,4851,51
1482,2024-01-25,9056,67
1483,2024-01-26,4829,54
1484,2024-01-27,5980,76
1485,2024-01-28,7603,61
1486,2024-01-29,9009,66
1487,2024-01-30,8160,59
1488,2024-01-31,4419,56
1489,2024-02-01,6795,55
1490,2024-02-02,8529,61
1491,2024-02-03,5321,48
1492,2024-02-04,5677,56
1493,2024-02-05,5701,64
1494,2024-02-06,7257,72
1495,2024-02-07,6762,56
1496,2024-02-08,8316,70
1497,2024-02-09,6168,55
1498,2024-02-10,6993,51
1499,2024-02-11,5271,56
1500,2024-02-12,7529,67
1501,2024-02-13,4843,54
1502,2024-02-14,7132,55
1503,2024-02-15,6284,55
1504,2024-02-16,4285,50
1505,2024-02-17,6360,66
1506,2024-02-18,6255,61
1507,2024-02-19,3112,39
1508,2024-02-20,5272,48
1509,2024-02-21,4575,54
1510,2024-02-22,7288,63
1511,2024-02-23,7037,65
1512,2024-02-24,4916,51
1513,2024-02-25,8014,73
1514,2024-02-26,8935,79
1515,2024-02-27,5727,56
1516,2024-02-28,3394,44
1517,2024-02-29,4340,49
1518,2024-03-01,6669,61
1519,2024-03-02,5616,65
1520,2024-03-03,6042,77
1521,2024-03-04,5859,59
1522,2024-03-05,8193,67
1523,2024-03-06,6925,51
1524,2024-03-07,5884,56
1525,2024-03-08,5537,53
1526,2024-03-09,6940,57
1527,2024-03-10,7183,60
1528,2024-03-11,7780,61
1529,2024-03-12,8791,64
1530,2024-03-13,7034,62
1531,2024-03-14,5624,55
1532,2024-03-15,6299,54
1533,2024-03-16,6892,51
1534,2024-03-17,6455,52
1535,2024-03-18,6108,62
1536,2024-03-19,5526,64
1537,2024-03-20,7097,56
1538,2024-03-21,6374,53
1539,2024-03-22,7795,63
1540,2024-03-23,5015,62
1541,2024-03-24,4903,55
1542,2024-03-25,4189,50
1543,2024-03-26,5790,63
1544,2024-03-27,4662,53
1545,2024-03-28,6354,65
1546,2024-03-29,5491,58
1547,2024-03-30,5497,49
1548,2024-03-31,5371,64
1549,2024-04-01,5783,55
1550,2024-04-02,5596,54
1551,2024-04-03,6052,59
1552,2024-04-04,6013,54
1553,2024-04-05,4138,53
1554,2024-04-06,6543,59
1555,2024-04-07,7511,64
1556,2024-04-08,7203,69
1557,2024-04-09,5576,59
1558,2024-04-10,5987,62
1559,2024-04-11,7267,64
1560,2024-04-12,6627,54
1561,2024-04-13,7528,66
1562,2024-04-14,8205,65
1563,2024-04-15,5326,56
1564,2024-04-16,7217,54
1565,2024-04-17,5341,66
1566,2024-04-18,5481,58
1567,2024-04-19,6835,60
1568,2024-04-20,6210,45
1569,2024-04-21,7972,67
1570,2024-04-22,7553,55
1571,2024-04-23,7054,67
1572,2024-04-24,6905,56
1573,2024-04-25,10400,75
1574,2024-04-26,4864,54
1575,2024-04-27,5968,64
1576,2024-04-28,5446,62
1577,2024-04-29,7998,69
1578,2024-04-30,7160,62
1579,2024-05-01,7712,67
1580,2024-05-02,5522,68
1581,2024-05-03,8601,67
1582,2024-05-04,7739,59
1583,2024-05-05,8733,69
1584,2024-05-06,6323,59
1585,2024-05-07,8618,68
1586,2024-05-08,4459,51
1587,2024-05-09,7078,62
1588,2024-05-10,3118,35
1589,2024-05-11,6475,58
1590,2024-05-12,5620,43
1591,2024-05-13,5156,66
1592,2024-05-14,6435,65
1593,2024-05-15,7522,60
1594,2024-05-16,6279,59
1595,2024-05-17,5188,58
1596,2024-05-18,5914,55
1597,2024-05-19,7321,71
1598,2024-05-20,5802,62
1599,2024-05-21,7600,70
1600,2024-05-22,5557,53
1601,2024-05-23,6104,64
1602,2024-05-24,5891,44
1603,2024-05-25,5168,56
1604,2024-05-26,8228,60
1605,2024-05-27,8814,62
1606,2024-05-28,7501,55
1607,2024-05-29,5755,63
1608,2024-05-30,4962,49
1609,2024-05-31,6923,66
1610,2024-06-01,9536,69
1611,2024-06-02,8734,75
1612,2024-06-03,6103,55
1613,2024-06-04,5339,60
1614,2024-06-05,6261,51
1615,2024-06-06,5564,58
1616,2024-06-07,4336,51
1617,2024-06-08,8438,62
1618,2024-06-09,5886,59
1619,2024-06-10,5087,61
1620,2024-06-11,4605,54
1621,2024-06-12,6437,48
1622,2024-06-13,7983,65
1623,2024-06-14,5338,50
1624,2024-06-15,7337,65
1625,2024-06-16,7020,62
1626,2024-06-17,7441,69
1627,2024-06-18,7426,72
1628,2024-06-19,8042,71
1629,2024-06-20,5525,52
1630,2024-06-21,6521,57
1631,2024-06-22,8881,64
1632,2024-06-23,6644,59
1633,2024-06-24,4114,48
1634,2024-06-25,8984,67
1635,2024-06-26,5053,61
1636,2024-06-27,6564,74
1637,2024-06-28,7720,58
1638,2024-06-29,7660,68
1639,2024-06-30,5627,65
1640,2024-07-01,11433,80
1641,2024-07-02,5327,69
1642,2024-07-03,7242,55
1643,2024-07-04,9226,65
1644,2024-07-05,8059,61
1645,2024-07-06,4883,54
1646,2024-07-07,7474,64
1647,2024-07-08,6151,69
1648,2024-07-09,6629,64
1649,2024-07-10,6394,69
1650,2024-07-11,7406,72
1651,2024-07-12,9026,67
1652,2024-07-13,6700,54
1653,2024-07-14,8418,69
1654,2024-07-15,6053,55
1655,2024-07-16,9145,67
1656,2024-07-17,6634,62
1657,2024-07-18,5956,54
1658,2024-07-19,4952,58
1659,2024-07-20,6541,72
1660,2024-07-21,8720,64
1661,2024-07-22,7597,61
1662,2024-07-23,5900,60
1663,2024-07-24,7652,58
1664,2024-07-25,5854,48
1665,2024-07-26,8904,65
1666,2024-07-27,7635,56
1667,2024-07-28,5667,54
1668,2024-07-29,8384,62
1669,2024-07-30,5656,62
1670,2024-07-31,7014,56
1671,2024-08-01,6930,62
1672,2024-08-02,5942,54
1673,2024-08-03,8611,65
1674,2024-08-04,7297,62
1675,2024-08-05,5374,56
1676,2024-08-06,9059,67
1677,2024-08-07,7945,57
1678,2024-08-08,5329,50
1679,2024-08-09,7334,65
1680,2024-08-10,6506,57
1681,2024-08-11,6174,59
1682,2024-08-12,9673,72
1683,2024-08-13,8662,62
1684,2024-08-14,6610,64
1685,2024-08-15,5257,45
1686,2024-08-16,4127,41
1687,2024-08-17,5592,42
1688,2024-08-18,4010,52
1689,2024-08-19,7237,65
1690,2024-08-20,7470,66
1691,2024-08-21,6679,74
1692,2024-08-22,7156,65
1693,2024-08-23,5962,68
1694,2024-08-24,7600,60
1695,2024-08-25,7316,66
1696,2024-08-26,5714,51
1697,2024-08-27,5546,61
1698,2024-08-28,4799,44
1699,2024-08-29,5793,63
1700,2024-08-30,7999,77
1701,2024-08-31,4689,50
1702,2024-09-01,6738,65
1703,2024-09-02,4815,56
1704,2024-09-03,9966,70
1705,2024-09-04,6126,56
1706,2024-09-05,8493,60
1707,2024-09-06,6891,64
1708,2024-09-07,7020,74
1709,2024-09-08,8002,57
1710,2024-09-09,6037,70
1711,2024-09-10,8740,69
1712,2024-09-11,7134,59
1713,2024-09-12,8149,66
1714,2024-09-13,5919,73
1715,2024-09-14,6490,65
1716,2024-09-15,7932,61
1717,2024-09-16,6613,62
1718,2024-09-17,6040,69
1719,2024-09-18,5492,70
1720,2024-09-19,9544,67
1721,2024-09-20,4108,48
1722,2024-09-21,6908,60
1723,2024-09-22,5872,69
1724,2024-09-23,5868,55
1725,2024-09-24,6085,49
1726,2024-09-25,5927,56
1727,2024-09-26,7821,62
1728,2024-09-27,5584,60
1729,2024-09-28,5367,67
1730,2024-09-29,7369,53
1731,2024-09-30,8380,70
1732,2024-10-01,8924,70
1733,2024-10-02,4725,58
1734,2024-10-03,7698,58
1735,2024-10-04,6988,56
1736,2024-10-05,6294,56
1737,2024-10-06,4574,56
1738,2024-10-07,8815,74
1739,2024-10-08,7683,77
1740,2024-10-09,5455,51
1741,2024-10-10,7481,64
1742,2024-10-11,8959,63
1743,2024-10-12,6068,51
1744,2024-10-13,6003,57
1745,2024-10-14,4453,56
1746,2024-10-15,7575,54
1747,2024-10-16,8228,67
1748,2024-10-17,8456,67
1749,2024-10-18,5666,61
1750,2024-10-19,6042,49
1751,2024-10-20,7006,58
1752,2024-10-21,7491,64
1753,2024-10-22,8907,79
1754,2024-10-23,7006,55
1755,2024-10-24,3628,41
1756,2024-10-25,6000,44
1757,2024-10-26,6510,59
1758,2024-10-27,6382,64
1759,2024-10-28,5831,66
1760,2024-10-29,8239,76
1761,2024-10-30,7174,60
1762,2024-10-31,7006,66
1763,2024-11-01,4767,46
1764,2024-11-02,5792,67
1765,2024-11-03,5330,52
1766,2024-11-04,6728,60
1767,2024-11-05,6400,56
1768,2024-11-06,5990,70
1769,2024-11-07,4544,59
1770,2024-11-08,6250,57
1771,2024-11-09,6566,66
1772,2024-11-10,3939,44
1773,2024-11-11,8388,59
1774,2024-11-12,5142,53
1775,2024-11-13,7528,67
1776,2024-11-14,6084,54
1777,2024-11-15,4082,52
1778,2024-11-16,6963,52
1779,2024-11-17,5323,61
1780,2024-11-18,6407,50
1781,2024-11-19,5695,58
1782,2024-11-20,6983,78
1783,2024-11-21,7730,63
1784,2024-11-22,4941,56
1785,2024-11-23,4924,54
1786,2024-11-24,5497,70
1787,2024-11-25,8765,70
1788,2024-11-26,6036,65
1789,2024-11-27,5886,65
1790,2024-11-28,8271,58
1791,2024-11-29,9143,66
1792,2024-11-30,8129,62
1793,2024-12-01,6287,56
1794,2024-12-02,5872,56
1795,2024-12-03,6126,77
1796,2024-12-04,6344,68
1797,2024-12-05,6752,58
1798,2024-12-06,8580,63
1799,2024-12-07,8713,72
1800,2024-12-08,4739,44
1801,2024-12-09,4747,51
1802,2024-12-10,4919,61
1803,2024-12-11,6032,67
1804,2024-12-12,6122,59
1805,2024-12-13,6651,53
1806,2024-12-14,7226,61
1807,2024-12-15,5651,67
1808,2024-12-16,5781,60
1809,2024-12-17,6096,52
1810,2024-12-18,5283,54
1811,2024-12-19,5322,61
1812,2024-12-20,7795,70
1813,2024-12-21,9106,71
1814,2024-12-22,6983,70
1815,2024-12-23,4961,56
1816,2024-12-24,7807,66
1817,2024-12-25,3137,36
1818,2024-12-26,6034,61
1819,2024-12-27,6017,56
1820,2024-12-28,5721,48
1821,2024-12-29,7138,53
1822,2024-12-30,4784,62
1823,2024-12-31,4433,54
1824,2025-01-01,6298,59
1825,2025-01-02,5320,53
1826,2025-01-03,7986,63
1827,2025-01-04,5659,50
1828,2025-01-05,5645,64
1829,2025-01-06,7174,56
1830,2025-01-07,3777,48
1831,2025-01-08,6767,67
1832,2025-01-09,4924,51
1833,2025-01-10,7023,53
1834,2025-01-11,6360,56
1835,2025-01-12,7088,70
1836,2025-01-13,6848,55
1837,2025-01-14,5817,69
1838,2025-01-15,9858,70
1839,2025-01-16,8651,61
1840,2025-01-17,4553,52
1841,2025-01-18,5022,51
1842,2025-01-19,4720,60
1843,2025-01-20,6094,50
1844,2025-01-21,6434,54
1845,2025-01-22,7056,56
1846,2025-01-23,6732,54
1847,2025-01-24,4649,50
1848,2025-01-25,5536,69
1849,2025-01-26,8207,60
1850,2025-01-27,7045,60
1851,2025-01-28,5597,55
1852,2025-01-29,5570,67
1853,2025-01-30,9337,67
1854,2025-01-31,6089,56
1855,2025-02-01,9721,69
1856,2025-02-02,7467,66
1857,2025-02-03,6634,64
1858,2025-02-04,7196,78
1859,2025-02-05,5349,43
1860,2025-02-06,7280,53
1861,2025-02-07,8604,66
1862,2025-02-08,7805,60
1863,2025-02-09,5143,52
1864,2025-02-10,6848,49
1865,2025-02-11,6013,43
1866,2025-02-12,7344,60
1867,2025-02-13,4501,57
1868,2025-02-14,7980,60
1869,2025-02-15,4864,55
1870,2025-02-16,8728,62
1871,2025-02-17,6475,62
1872,2025-02-18,7796,61
1873,2025-02-19,8390,77
1874,2025-02-20,4025,47
1875,2025-02-21,5475,64
1876,2025-02-22,7502,65
1877,2025-02-23,4927,55
1878,2025-02-24,7731,69
1879,2025-02-25,6557,49
1880,2025-02-26,4633,52
1881,2025-02-27,5626,46
1882,2025-02-28,7489,65
1883,2025-03-01,7234,51
1884,2025-03-02,5693,53
1885,2025-03-03,6082,65
1886,2025-03-04,7348,53
1887,2025-03-05,7389,71
1888,2025-03-06,5056,58
1889,2025-03-07,7142,68
1890,2025-03-08,5557,54
1891,2025-03-09,5684,56
1892,2025-03-10,5264,68
1893,2025-03-11,4381,52
1894,2025-03-12,6684,77
1895,2025-03-13,7526,55
1896,2025-03-14,8404,59
1897,2025-03-15,8267,60
1898,2025-03-16,6386,61
1899,2025-03-17,9040,69
1900,2025-03-18,4427,48
1901,2025-03-19,5826,65
1902,2025-03-20,7611,59
1903,2025-03-21,5532,57
1904,2025-03-22,7196,54
1905,2025-03-23,5015,52
1906,2025-03-24,7085,52
1907,2025-03-25,5660,64
1908,2025-03-26,5526,48
1909,2025-03-27,6066,57
1910,2025-03-28,9021,70
1911,2025-03-29,8547,63
1912,2025-03-30,4625,49
1913,2025-03-31,6151,63
1914,2025-04-01,6857,59
1915,2025-04-02,6431,60
1916,2025-04-03,8219,76
1917,2025-04-04,6614,57
1918,2025-04-05,6728,61
1919,2025-04-06,6168,60
1920,2025-04-07,5875,58
1921,2025-04-08,5832,43
1922,2025-04-09,7645,64
1923,2025-04-10,6349,55
1924,2025-04-11,6559,59
1925,2025-04-12,9311,71
1926,2025-04-13,7134,54
1927,2025-04-14,7168,64
1928,2025-04-15,5143,54
1929,2025-04-16,4682,39
1930,2025-04-17,7487,63
1931,2025-04-18,6013,67
1932,2025-04-19,9545,71
1933,2025-04-20,7120,63
1934,2025-04-21,8699,63
1935,2025-04-22,5830,47
1936,2025-04-23,7802,62
1937,2025-04-24,8259,58
1938,2025-04-25,4790,51
1939,2025-04-26,5295,49
1940,2025-04-27,5637,70
1941,2025-04-28,6286,50
1942,2025-04-29,5391,56
1943,2025-04-30,4704,48
1944,2025-05-01,6488,58
1945,2025-05-02,5691,52
1946,2025-05-03,5706,72
1947,2025-05-04,5778,60
1948,2025-05-05,5894,49
1949,2025-05-06,7949,69
1950,2025-05-07,6193,59
1951,2025-05-08,5320,40
1952,2025-05-09,5688,47
1953,2025-05-10,5073,50
1954,2025-05-11,6690,59
1955,2025-05-12,5167,65
1956,2025-05-13,6517,68
1957,2025-05-14,8345,60
1958,2025-05-15,4393,56
1959,2025-05-16,7897,57
1960,2025-05-17,6534,58
1961,2025-05-18,7249,53
1962,2025-05-19,6027,53
1963,2025-05-20,9193,69
1964,2025-05-21,4959,61
1965,2025-05-22,6083,47
1966,2025-05-23,6683,53
1967,2025-05-24,6283,58
1968,2025-05-25,6386,55
