Customer_Growth_ID,Date,New_Customers,Previous_Customers
1,2020-01-02,2,0
2,2020-01-03,1,2
3,2020-01-04,1,3
4,2020-01-05,1,4
5,2020-01-06,0,5
6,2020-01-07,0,5
7,2020-01-08,1,5
8,2020-01-09,4,6
9,2020-01-10,1,10
10,2020-01-11,1,11
11,2020-01-12,1,12
12,2020-01-13,1,13
13,2020-01-14,0,14
14,2020-01-15,0,14
15,2020-01-16,2,14
16,2020-01-17,0,16
17,2020-01-18,1,16
18,2020-01-19,0,17
19,2020-01-20,0,17
20,2020-01-21,0,17
21,2020-01-22,1,17
22,2020-01-23,0,18
23,2020-01-24,1,18
24,2020-01-25,1,19
25,2020-01-26,1,20
26,2020-01-27,1,21
27,2020-01-28,0,22
28,2020-01-29,0,22
29,2020-01-30,0,22
30,2020-01-31,0,22
31,2020-02-01,0,22
32,2020-02-02,0,22
33,2020-02-03,1,22
34,2020-02-04,0,23
35,2020-02-05,0,23
36,2020-02-06,1,23
37,2020-02-07,2,24
38,2020-02-08,0,26
39,2020-02-09,3,26
40,2020-02-10,1,29
41,2020-02-11,2,30
42,2020-02-12,1,32
43,2020-02-13,0,33
44,2020-02-14,1,33
45,2020-02-15,0,34
46,2020-02-16,0,34
47,2020-02-17,1,34
48,2020-02-18,0,35
49,2020-02-19,1,35
50,2020-02-20,0,36
51,2020-02-21,0,36
52,2020-02-22,0,36
53,2020-02-23,0,36
54,2020-02-24,1,36
55,2020-02-25,1,37
56,2020-02-26,0,38
57,2020-02-27,0,38
58,2020-02-28,1,38
59,2020-02-29,0,39
60,2020-03-01,2,39
61,2020-03-02,1,41
62,2020-03-03,1,42
63,2020-03-04,0,43
64,2020-03-05,2,43
65,2020-03-06,1,45
66,2020-03-07,1,46
67,2020-03-08,0,47
68,2020-03-09,0,47
69,2020-03-10,0,47
70,2020-03-11,0,47
71,2020-03-12,2,47
72,2020-03-13,1,49
73,2020-03-14,0,50
74,2020-03-15,0,50
75,2020-03-16,1,50
76,2020-03-17,2,51
77,2020-03-18,1,53
78,2020-03-19,0,54
79,2020-03-20,0,54
80,2020-03-21,2,54
81,2020-03-22,1,56
82,2020-03-23,0,57
83,2020-03-24,2,57
84,2020-03-25,1,59
85,2020-03-26,1,60
86,2020-03-27,0,61
87,2020-03-28,0,61
88,2020-03-29,0,61
89,2020-03-30,1,61
90,2020-03-31,1,62
91,2020-04-01,1,63
92,2020-04-02,0,64
93,2020-04-03,2,64
94,2020-04-04,0,66
95,2020-04-05,0,66
96,2020-04-06,1,66
97,2020-04-07,2,67
98,2020-04-08,0,69
99,2020-04-09,1,69
100,2020-04-10,0,70
101,2020-04-11,1,70
102,2020-04-12,0,71
103,2020-04-13,1,71
104,2020-04-14,0,72
105,2020-04-15,1,72
106,2020-04-16,1,73
107,2020-04-17,0,74
108,2020-04-18,1,74
109,2020-04-19,1,75
110,2020-04-20,0,76
111,2020-04-21,0,76
112,2020-04-22,0,76
113,2020-04-23,1,76
114,2020-04-24,0,77
115,2020-04-25,1,77
116,2020-04-26,0,78
117,2020-04-27,0,78
118,2020-04-28,3,78
119,2020-04-29,0,81
120,2020-04-30,1,81
121,2020-05-01,0,82
122,2020-05-02,1,82
123,2020-05-03,2,83
124,2020-05-04,0,85
125,2020-05-05,0,85
126,2020-05-06,1,85
127,2020-05-07,0,86
128,2020-05-08,0,86
129,2020-05-09,1,86
130,2020-05-10,1,87
131,2020-05-11,1,88
132,2020-05-12,2,89
133,2020-05-13,3,91
134,2020-05-14,0,94
135,2020-05-15,1,94
136,2020-05-16,2,95
137,2020-05-17,1,97
138,2020-05-18,0,98
139,2020-05-19,0,98
140,2020-05-20,0,98
141,2020-05-21,2,98
142,2020-05-22,0,100
143,2020-05-23,2,100
144,2020-05-24,1,102
145,2020-05-25,0,103
146,2020-05-26,0,103
147,2020-05-27,2,103
148,2020-05-28,1,105
149,2020-05-29,0,106
150,2020-05-30,1,106
151,2020-05-31,0,107
152,2020-06-01,1,107
153,2020-06-02,1,108
154,2020-06-03,0,109
155,2020-06-04,1,109
156,2020-06-05,1,110
157,2020-06-06,1,111
158,2020-06-07,1,112
159,2020-06-08,0,113
160,2020-06-09,1,113
161,2020-06-10,1,114
162,2020-06-11,0,115
163,2020-06-12,0,115
164,2020-06-13,0,115
165,2020-06-14,2,115
166,2020-06-15,0,117
167,2020-06-16,1,117
168,2020-06-17,1,118
169,2020-06-18,0,119
170,2020-06-19,1,119
171,2020-06-20,1,120
172,2020-06-21,1,121
173,2020-06-22,0,122
174,2020-06-23,2,122
175,2020-06-24,1,124
176,2020-06-25,1,125
177,2020-06-26,1,126
178,2020-06-27,0,127
179,2020-06-28,2,127
180,2020-06-29,1,129
181,2020-06-30,1,130
182,2020-07-01,1,131
183,2020-07-02,2,132
184,2020-07-03,0,134
185,2020-07-04,1,134
186,2020-07-05,2,135
187,2020-07-06,0,137
188,2020-07-07,2,137
189,2020-07-08,4,139
190,2020-07-09,1,143
191,2020-07-10,1,144
192,2020-07-11,0,145
193,2020-07-12,0,145
194,2020-07-13,2,145
195,2020-07-14,1,147
196,2020-07-15,0,148
197,2020-07-16,0,148
198,2020-07-17,0,148
199,2020-07-18,0,148
200,2020-07-19,1,148
201,2020-07-20,1,149
202,2020-07-21,2,150
203,2020-07-22,0,152
204,2020-07-23,1,152
205,2020-07-24,1,153
206,2020-07-25,1,154
207,2020-07-26,1,155
208,2020-07-27,0,156
209,2020-07-28,0,156
210,2020-07-29,0,156
211,2020-07-30,1,156
212,2020-07-31,1,157
213,2020-08-01,1,158
214,2020-08-02,1,159
215,2020-08-03,0,160
216,2020-08-04,0,160
217,2020-08-05,1,160
218,2020-08-06,1,161
219,2020-08-07,0,162
220,2020-08-08,1,162
221,2020-08-09,1,163
222,2020-08-10,3,164
223,2020-08-11,2,167
224,2020-08-12,0,169
225,2020-08-13,0,169
226,2020-08-14,0,169
227,2020-08-15,2,169
228,2020-08-16,1,171
229,2020-08-17,0,172
230,2020-08-18,0,172
231,2020-08-19,0,172
232,2020-08-20,2,172
233,2020-08-21,1,174
234,2020-08-22,0,175
235,2020-08-23,1,175
236,2020-08-24,1,176
237,2020-08-25,1,177
238,2020-08-26,1,178
239,2020-08-27,0,179
240,2020-08-28,0,179
241,2020-08-29,0,179
242,2020-08-30,0,179
243,2020-08-31,2,179
244,2020-09-01,2,181
245,2020-09-02,1,183
246,2020-09-03,2,184
247,2020-09-04,0,186
248,2020-09-05,0,186
249,2020-09-06,1,186
250,2020-09-07,0,187
251,2020-09-08,1,187
252,2020-09-09,0,188
253,2020-09-10,1,188
254,2020-09-11,1,189
255,2020-09-12,2,190
256,2020-09-13,1,192
257,2020-09-14,0,193
258,2020-09-15,2,193
259,2020-09-16,2,195
260,2020-09-17,0,197
261,2020-09-18,1,197
262,2020-09-19,0,198
263,2020-09-20,0,198
264,2020-09-21,1,198
265,2020-09-22,1,199
266,2020-09-23,1,200
267,2020-09-24,0,201
268,2020-09-25,0,201
269,2020-09-26,0,201
270,2020-09-27,1,201
271,2020-09-28,0,202
272,2020-09-29,2,202
273,2020-09-30,1,204
274,2020-10-01,0,205
275,2020-10-02,1,205
276,2020-10-03,0,206
277,2020-10-04,0,206
278,2020-10-05,0,206
279,2020-10-06,2,206
280,2020-10-07,0,208
281,2020-10-08,0,208
282,2020-10-09,0,208
283,2020-10-10,0,208
284,2020-10-11,0,208
285,2020-10-12,2,208
286,2020-10-13,2,210
287,2020-10-14,0,212
288,2020-10-15,0,212
289,2020-10-16,0,212
290,2020-10-17,1,212
291,2020-10-18,1,213
292,2020-10-19,1,214
293,2020-10-20,0,215
294,2020-10-21,0,215
295,2020-10-22,0,215
296,2020-10-23,1,215
297,2020-10-24,0,216
298,2020-10-25,0,216
299,2020-10-26,4,216
300,2020-10-27,1,220
301,2020-10-28,1,221
302,2020-10-29,1,222
303,2020-10-30,0,223
304,2020-10-31,2,223
305,2020-11-01,1,225
306,2020-11-02,1,226
307,2020-11-03,0,227
308,2020-11-04,0,227
309,2020-11-05,0,227
310,2020-11-06,1,227
311,2020-11-07,1,228
312,2020-11-08,0,229
313,2020-11-09,0,229
314,2020-11-10,0,229
315,2020-11-11,0,229
316,2020-11-12,1,229
317,2020-11-13,0,230
318,2020-11-14,2,230
319,2020-11-15,0,232
320,2020-11-16,2,232
321,2020-11-17,1,234
322,2020-11-18,1,235
323,2020-11-19,1,236
324,2020-11-20,0,237
325,2020-11-21,0,237
326,2020-11-22,3,237
327,2020-11-23,0,240
328,2020-11-24,1,240
329,2020-11-25,1,241
330,2020-11-26,1,242
331,2020-11-27,0,243
332,2020-11-28,0,243
333,2020-11-29,2,243
334,2020-11-30,0,245
335,2020-12-01,0,245
336,2020-12-02,0,245
337,2020-12-03,2,245
338,2020-12-04,0,247
339,2020-12-05,1,247
340,2020-12-06,3,248
341,2020-12-07,1,251
342,2020-12-08,2,252
343,2020-12-09,0,254
344,2020-12-10,0,254
345,2020-12-11,0,254
346,2020-12-12,1,254
347,2020-12-13,0,255
348,2020-12-14,1,255
349,2020-12-15,0,256
350,2020-12-16,1,256
351,2020-12-17,1,257
352,2020-12-18,1,258
353,2020-12-19,0,259
354,2020-12-20,0,259
355,2020-12-21,1,259
356,2020-12-22,1,260
357,2020-12-23,1,261
358,2020-12-24,1,262
359,2020-12-25,2,263
360,2020-12-26,2,265
361,2020-12-27,2,267
362,2020-12-28,2,269
363,2020-12-29,0,271
364,2020-12-30,1,271
365,2020-12-31,0,272
366,2021-01-01,0,272
367,2021-01-02,1,272
368,2021-01-03,1,273
369,2021-01-04,1,274
370,2021-01-05,2,275
371,2021-01-06,0,277
372,2021-01-07,1,277
373,2021-01-08,0,278
374,2021-01-09,1,278
375,2021-01-10,1,279
376,2021-01-11,0,280
377,2021-01-12,1,280
378,2021-01-13,1,281
379,2021-01-14,1,282
380,2021-01-15,0,283
381,2021-01-16,0,283
382,2021-01-17,1,283
383,2021-01-18,1,284
384,2021-01-19,0,285
385,2021-01-20,0,285
386,2021-01-21,1,285
387,2021-01-22,1,286
388,2021-01-23,1,287
389,2021-01-24,0,288
390,2021-01-25,0,288
391,2021-01-26,0,288
392,2021-01-27,2,288
393,2021-01-28,1,290
394,2021-01-29,1,291
395,2021-01-30,1,292
396,2021-01-31,0,293
397,2021-02-01,1,293
398,2021-02-02,1,294
399,2021-02-03,1,295
400,2021-02-04,0,296
401,2021-02-05,1,296
402,2021-02-06,0,297
403,2021-02-07,0,297
404,2021-02-08,0,297
405,2021-02-09,1,297
406,2021-02-10,0,298
407,2021-02-11,0,298
408,2021-02-12,0,298
409,2021-02-13,1,298
410,2021-02-14,2,299
411,2021-02-15,1,301
412,2021-02-16,3,302
413,2021-02-17,1,305
414,2021-02-18,0,306
415,2021-02-19,0,306
416,2021-02-20,0,306
417,2021-02-21,0,306
418,2021-02-22,2,306
419,2021-02-23,0,308
420,2021-02-24,0,308
421,2021-02-25,1,308
422,2021-02-26,2,309
423,2021-02-27,0,311
424,2021-02-28,0,311
425,2021-03-01,1,311
426,2021-03-02,1,312
427,2021-03-03,2,313
428,2021-03-04,0,315
429,2021-03-05,0,315
430,2021-03-06,1,315
431,2021-03-07,2,316
432,2021-03-08,1,318
433,2021-03-09,2,319
434,2021-03-10,1,321
435,2021-03-11,0,322
436,2021-03-12,1,322
437,2021-03-13,0,323
438,2021-03-14,2,323
439,2021-03-15,1,325
440,2021-03-16,1,326
441,2021-03-17,1,327
442,2021-03-18,1,328
443,2021-03-19,0,329
444,2021-03-20,1,329
445,2021-03-21,2,330
446,2021-03-22,1,332
447,2021-03-23,1,333
448,2021-03-24,0,334
449,2021-03-25,4,334
450,2021-03-26,0,338
451,2021-03-27,1,338
452,2021-03-28,0,339
453,2021-03-29,3,339
454,2021-03-30,0,342
455,2021-03-31,0,342
456,2021-04-01,2,342
457,2021-04-02,2,344
458,2021-04-03,0,346
459,2021-04-04,0,346
460,2021-04-05,1,346
461,2021-04-06,0,347
462,2021-04-07,2,347
463,2021-04-08,1,349
464,2021-04-09,0,350
465,2021-04-10,0,350
466,2021-04-11,1,350
467,2021-04-12,0,351
468,2021-04-13,1,351
469,2021-04-14,0,352
470,2021-04-15,0,352
471,2021-04-16,1,352
472,2021-04-17,0,353
473,2021-04-18,1,353
474,2021-04-19,1,354
475,2021-04-20,1,355
476,2021-04-21,2,356
477,2021-04-22,1,358
478,2021-04-23,1,359
479,2021-04-24,1,360
480,2021-04-25,1,361
481,2021-04-26,2,362
482,2021-04-27,0,364
483,2021-04-28,0,364
484,2021-04-29,1,364
485,2021-04-30,0,365
486,2021-05-01,1,365
487,2021-05-02,0,366
488,2021-05-03,0,366
489,2021-05-04,0,366
490,2021-05-05,1,366
491,2021-05-06,1,367
492,2021-05-07,3,368
493,2021-05-08,1,371
494,2021-05-09,3,372
495,2021-05-10,0,375
496,2021-05-11,2,375
497,2021-05-12,1,377
498,2021-05-13,1,378
499,2021-05-14,0,379
500,2021-05-15,1,379
501,2021-05-16,2,380
502,2021-05-17,0,382
503,2021-05-18,1,382
504,2021-05-19,2,383
505,2021-05-20,1,385
506,2021-05-21,0,386
507,2021-05-22,1,386
508,2021-05-23,0,387
509,2021-05-24,0,387
510,2021-05-25,0,387
511,2021-05-26,1,387
512,2021-05-27,1,388
513,2021-05-28,1,389
514,2021-05-29,1,390
515,2021-05-30,0,391
516,2021-05-31,0,391
517,2021-06-01,2,391
518,2021-06-02,0,393
519,2021-06-03,0,393
520,2021-06-04,0,393
521,2021-06-05,1,393
522,2021-06-06,2,394
523,2021-06-07,2,396
524,2021-06-08,1,398
525,2021-06-09,1,399
526,2021-06-10,0,400
527,2021-06-11,0,400
528,2021-06-12,6,400
529,2021-06-13,1,406
530,2021-06-14,1,407
531,2021-06-15,0,408
532,2021-06-16,0,408
533,2021-06-17,1,408
534,2021-06-18,1,409
535,2021-06-19,0,410
536,2021-06-20,1,410
537,2021-06-21,0,411
538,2021-06-22,0,411
539,2021-06-23,1,411
540,2021-06-24,1,412
541,2021-06-25,1,413
542,2021-06-26,1,414
543,2021-06-27,0,415
544,2021-06-28,0,415
545,2021-06-29,1,415
546,2021-06-30,0,416
547,2021-07-01,2,416
548,2021-07-02,1,418
549,2021-07-03,0,419
550,2021-07-04,2,419
551,2021-07-05,1,421
552,2021-07-06,1,422
553,2021-07-07,0,423
554,2021-07-08,2,423
555,2021-07-09,0,425
556,2021-07-10,3,425
557,2021-07-11,0,428
558,2021-07-12,0,428
559,2021-07-13,1,428
560,2021-07-14,2,429
561,2021-07-15,1,431
562,2021-07-16,2,432
563,2021-07-17,1,434
564,2021-07-18,1,435
565,2021-07-19,1,436
566,2021-07-20,0,437
567,2021-07-21,0,437
568,2021-07-22,0,437
569,2021-07-23,1,437
570,2021-07-24,1,438
571,2021-07-25,1,439
572,2021-07-26,0,440
573,2021-07-27,0,440
574,2021-07-28,1,440
575,2021-07-29,1,441
576,2021-07-30,0,442
577,2021-07-31,0,442
578,2021-08-01,1,442
579,2021-08-02,1,443
580,2021-08-03,1,444
581,2021-08-04,1,445
582,2021-08-05,1,446
583,2021-08-06,0,447
584,2021-08-07,0,447
585,2021-08-08,1,447
586,2021-08-09,1,448
587,2021-08-10,0,449
588,2021-08-11,2,449
589,2021-08-12,0,451
590,2021-08-13,1,451
591,2021-08-14,1,452
592,2021-08-15,0,453
593,2021-08-16,0,453
594,2021-08-17,2,453
595,2021-08-18,0,455
596,2021-08-19,0,455
597,2021-08-20,3,455
598,2021-08-21,2,458
599,2021-08-22,1,460
600,2021-08-23,2,461
601,2021-08-24,1,463
602,2021-08-25,0,464
603,2021-08-26,0,464
604,2021-08-27,0,464
605,2021-08-28,0,464
606,2021-08-29,1,464
607,2021-08-30,0,465
608,2021-08-31,1,465
609,2021-09-01,1,466
610,2021-09-02,0,467
611,2021-09-03,2,467
612,2021-09-04,0,469
613,2021-09-05,1,469
614,2021-09-06,2,470
615,2021-09-07,1,472
616,2021-09-08,0,473
617,2021-09-09,2,473
618,2021-09-10,1,475
619,2021-09-11,1,476
620,2021-09-12,0,477
621,2021-09-13,2,477
622,2021-09-14,1,479
623,2021-09-15,0,480
624,2021-09-16,1,480
625,2021-09-17,0,481
626,2021-09-18,2,481
627,2021-09-19,2,483
628,2021-09-20,1,485
629,2021-09-21,1,486
630,2021-09-22,0,487
631,2021-09-23,0,487
632,2021-09-24,1,487
633,2021-09-25,0,488
634,2021-09-26,0,488
635,2021-09-27,0,488
636,2021-09-28,0,488
637,2021-09-29,2,488
638,2021-09-30,1,490
639,2021-10-01,0,491
640,2021-10-02,2,491
641,2021-10-03,1,493
642,2021-10-04,1,494
643,2021-10-05,0,495
644,2021-10-06,0,495
645,2021-10-07,1,495
646,2021-10-08,0,496
647,2021-10-09,0,496
648,2021-10-10,0,496
649,2021-10-11,0,496
650,2021-10-12,1,496
651,2021-10-13,1,497
652,2021-10-14,0,498
653,2021-10-15,1,498
654,2021-10-16,0,499
655,2021-10-17,2,499
656,2021-10-18,0,501
657,2021-10-19,1,501
658,2021-10-20,1,502
659,2021-10-21,1,503
660,2021-10-22,1,504
661,2021-10-23,0,505
662,2021-10-24,1,505
663,2021-10-25,1,506
664,2021-10-26,0,507
665,2021-10-27,1,507
666,2021-10-28,0,508
667,2021-10-29,0,508
668,2021-10-30,0,508
669,2021-10-31,0,508
670,2021-11-01,1,508
671,2021-11-02,0,509
672,2021-11-03,2,509
673,2021-11-04,1,511
674,2021-11-05,1,512
675,2021-11-06,3,513
676,2021-11-07,0,516
677,2021-11-08,0,516
678,2021-11-09,0,516
679,2021-11-10,4,516
680,2021-11-11,2,520
681,2021-11-12,0,522
682,2021-11-13,0,522
683,2021-11-14,1,522
684,2021-11-15,0,523
685,2021-11-16,1,523
686,2021-11-17,0,524
687,2021-11-18,4,524
688,2021-11-19,1,528
689,2021-11-20,0,529
690,2021-11-21,1,529
691,2021-11-22,0,530
692,2021-11-23,0,530
693,2021-11-24,0,530
694,2021-11-25,0,530
695,2021-11-26,0,530
696,2021-11-27,0,530
697,2021-11-28,0,530
698,2021-11-29,1,530
699,2021-11-30,1,531
700,2021-12-01,0,532
701,2021-12-02,2,532
702,2021-12-03,0,534
703,2021-12-04,0,534
704,2021-12-05,0,534
705,2021-12-06,1,534
706,2021-12-07,2,535
707,2021-12-08,1,537
708,2021-12-09,0,538
709,2021-12-10,1,538
710,2021-12-11,2,539
711,2021-12-12,1,541
712,2021-12-13,1,542
713,2021-12-14,1,543
714,2021-12-15,0,544
715,2021-12-16,1,544
716,2021-12-17,1,545
717,2021-12-18,0,546
718,2021-12-19,2,546
719,2021-12-20,0,548
720,2021-12-21,0,548
721,2021-12-22,2,548
722,2021-12-23,0,550
723,2021-12-24,0,550
724,2021-12-25,0,550
725,2021-12-26,0,550
726,2021-12-27,0,550
727,2021-12-28,2,550
728,2021-12-29,1,552
729,2021-12-30,0,553
730,2021-12-31,1,553
731,2022-01-01,0,554
732,2022-01-02,1,554
733,2022-01-03,1,555
734,2022-01-04,0,556
735,2022-01-05,0,556
736,2022-01-06,1,556
737,2022-01-07,1,557
738,2022-01-08,0,558
739,2022-01-09,0,558
740,2022-01-10,0,558
741,2022-01-11,0,558
742,2022-01-12,0,558
743,2022-01-13,0,558
744,2022-01-14,0,558
745,2022-01-15,1,558
746,2022-01-16,1,559
747,2022-01-17,1,560
748,2022-01-18,0,561
749,2022-01-19,2,561
750,2022-01-20,2,563
751,2022-01-21,1,565
752,2022-01-22,1,566
753,2022-01-23,1,567
754,2022-01-24,2,568
755,2022-01-25,0,570
756,2022-01-26,1,570
757,2022-01-27,0,571
758,2022-01-28,1,571
759,2022-01-29,2,572
760,2022-01-30,1,574
761,2022-01-31,1,575
762,2022-02-01,0,576
763,2022-02-02,1,576
764,2022-02-03,1,577
765,2022-02-04,0,578
766,2022-02-05,0,578
767,2022-02-06,1,578
768,2022-02-07,1,579
769,2022-02-08,0,580
770,2022-02-09,0,580
771,2022-02-10,2,580
772,2022-02-11,0,582
773,2022-02-12,1,582
774,2022-02-13,1,583
775,2022-02-14,0,584
776,2022-02-15,1,584
777,2022-02-16,0,585
778,2022-02-17,0,585
779,2022-02-18,0,585
780,2022-02-19,2,585
781,2022-02-20,0,587
782,2022-02-21,0,587
783,2022-02-22,0,587
784,2022-02-23,0,587
785,2022-02-24,1,587
786,2022-02-25,1,588
787,2022-02-26,2,589
788,2022-02-27,1,591
789,2022-02-28,1,592
790,2022-03-01,1,593
791,2022-03-02,1,594
792,2022-03-03,1,595
793,2022-03-04,1,596
794,2022-03-05,1,597
795,2022-03-06,1,598
796,2022-03-07,0,599
797,2022-03-08,1,599
798,2022-03-09,0,600
799,2022-03-10,0,600
800,2022-03-11,0,600
801,2022-03-12,0,600
802,2022-03-13,0,600
803,2022-03-14,2,600
804,2022-03-15,1,602
805,2022-03-16,0,603
806,2022-03-17,1,603
807,2022-03-18,1,604
808,2022-03-19,1,605
809,2022-03-20,0,606
810,2022-03-21,1,606
811,2022-03-22,0,607
812,2022-03-23,0,607
813,2022-03-24,0,607
814,2022-03-25,0,607
815,2022-03-26,1,607
816,2022-03-27,0,608
817,2022-03-28,1,608
818,2022-03-29,0,609
819,2022-03-30,0,609
820,2022-03-31,1,609
821,2022-04-01,0,610
822,2022-04-02,0,610
823,2022-04-03,0,610
824,2022-04-04,1,610
825,2022-04-05,2,611
826,2022-04-06,0,613
827,2022-04-07,0,613
828,2022-04-08,1,613
829,2022-04-09,1,614
830,2022-04-10,0,615
831,2022-04-11,2,615
832,2022-04-12,0,617
833,2022-04-13,0,617
834,2022-04-14,0,617
835,2022-04-15,1,617
836,2022-04-16,0,618
837,2022-04-17,1,618
838,2022-04-18,1,619
839,2022-04-19,0,620
840,2022-04-20,1,620
841,2022-04-21,1,621
842,2022-04-22,0,622
843,2022-04-23,0,622
844,2022-04-24,0,622
845,2022-04-25,0,622
846,2022-04-26,3,622
847,2022-04-27,1,625
848,2022-04-28,0,626
849,2022-04-29,3,626
850,2022-04-30,2,629
851,2022-05-01,0,631
852,2022-05-02,0,631
853,2022-05-03,1,631
854,2022-05-04,2,632
855,2022-05-05,0,634
856,2022-05-06,0,634
857,2022-05-07,0,634
858,2022-05-08,0,634
859,2022-05-09,2,634
860,2022-05-10,0,636
861,2022-05-11,2,636
862,2022-05-12,1,638
863,2022-05-13,0,639
864,2022-05-14,0,639
865,2022-05-15,4,639
866,2022-05-16,0,643
867,2022-05-17,0,643
868,2022-05-18,0,643
869,2022-05-19,0,643
870,2022-05-20,1,643
871,2022-05-21,1,644
872,2022-05-22,3,645
873,2022-05-23,1,648
874,2022-05-24,0,649
875,2022-05-25,0,649
876,2022-05-26,0,649
877,2022-05-27,0,649
878,2022-05-28,1,649
879,2022-05-29,1,650
880,2022-05-30,1,651
881,2022-05-31,1,652
882,2022-06-01,2,653
883,2022-06-02,2,655
884,2022-06-03,0,657
885,2022-06-04,1,657
886,2022-06-05,0,658
887,2022-06-06,1,658
888,2022-06-07,0,659
889,2022-06-08,0,659
890,2022-06-09,0,659
891,2022-06-10,0,659
892,2022-06-11,1,659
893,2022-06-12,0,660
894,2022-06-13,0,660
895,2022-06-14,0,660
896,2022-06-15,0,660
897,2022-06-16,1,660
898,2022-06-17,1,661
899,2022-06-18,0,662
900,2022-06-19,1,662
901,2022-06-20,1,663
902,2022-06-21,0,664
903,2022-06-22,1,664
904,2022-06-23,0,665
905,2022-06-24,0,665
906,2022-06-25,0,665
907,2022-06-26,0,665
908,2022-06-27,0,665
909,2022-06-28,0,665
910,2022-06-29,4,665
911,2022-06-30,0,669
912,2022-07-01,0,669
913,2022-07-02,0,669
914,2022-07-03,0,669
915,2022-07-04,0,669
916,2022-07-05,0,669
917,2022-07-06,2,669
918,2022-07-07,2,671
919,2022-07-08,0,673
920,2022-07-09,1,673
921,2022-07-10,2,674
922,2022-07-11,0,676
923,2022-07-12,0,676
924,2022-07-13,0,676
925,2022-07-14,1,676
926,2022-07-15,0,677
927,2022-07-16,1,677
928,2022-07-17,1,678
929,2022-07-18,3,679
930,2022-07-19,0,682
931,2022-07-20,2,682
932,2022-07-21,1,684
933,2022-07-22,1,685
934,2022-07-23,0,686
935,2022-07-24,0,686
936,2022-07-25,2,686
937,2022-07-26,0,688
938,2022-07-27,2,688
939,2022-07-28,1,690
940,2022-07-29,0,691
941,2022-07-30,0,691
942,2022-07-31,1,691
943,2022-08-01,1,692
944,2022-08-02,2,693
945,2022-08-03,0,695
946,2022-08-04,0,695
947,2022-08-05,3,695
948,2022-08-06,1,698
949,2022-08-07,0,699
950,2022-08-08,1,699
951,2022-08-09,0,700
952,2022-08-10,2,700
953,2022-08-11,1,702
954,2022-08-12,0,703
955,2022-08-13,1,703
956,2022-08-14,1,704
957,2022-08-15,0,705
958,2022-08-16,0,705
959,2022-08-17,0,705
960,2022-08-18,2,705
961,2022-08-19,0,707
962,2022-08-20,0,707
963,2022-08-21,0,707
964,2022-08-22,0,707
965,2022-08-23,0,707
966,2022-08-24,1,707
967,2022-08-25,2,708
968,2022-08-26,1,710
969,2022-08-27,0,711
970,2022-08-28,2,711
971,2022-08-29,1,713
972,2022-08-30,1,714
973,2022-08-31,0,715
974,2022-09-01,0,715
975,2022-09-02,0,715
976,2022-09-03,1,715
977,2022-09-04,0,716
978,2022-09-05,0,716
979,2022-09-06,2,716
980,2022-09-07,0,718
981,2022-09-08,0,718
982,2022-09-09,0,718
983,2022-09-10,3,718
984,2022-09-11,1,721
985,2022-09-12,0,722
986,2022-09-13,1,722
987,2022-09-14,1,723
988,2022-09-15,0,724
989,2022-09-16,1,724
990,2022-09-17,1,725
991,2022-09-18,2,726
992,2022-09-19,1,728
993,2022-09-20,2,729
994,2022-09-21,1,731
995,2022-09-22,0,732
996,2022-09-23,1,732
997,2022-09-24,4,733
998,2022-09-25,0,737
999,2022-09-26,1,737
1000,2022-09-27,0,738
1001,2022-09-28,0,738
1002,2022-09-29,0,738
1003,2022-09-30,1,738
1004,2022-10-01,1,739
1005,2022-10-02,2,740
1006,2022-10-03,1,742
1007,2022-10-04,1,743
1008,2022-10-05,0,744
1009,2022-10-06,1,744
1010,2022-10-07,3,745
1011,2022-10-08,3,748
1012,2022-10-09,0,751
1013,2022-10-10,0,751
1014,2022-10-11,1,751
1015,2022-10-12,1,752
1016,2022-10-13,0,753
1017,2022-10-14,2,753
1018,2022-10-15,0,755
1019,2022-10-16,0,755
1020,2022-10-17,0,755
1021,2022-10-18,1,755
1022,2022-10-19,1,756
1023,2022-10-20,0,757
1024,2022-10-21,0,757
1025,2022-10-22,2,757
1026,2022-10-23,0,759
1027,2022-10-24,0,759
1028,2022-10-25,0,759
1029,2022-10-26,1,759
1030,2022-10-27,0,760
1031,2022-10-28,2,760
1032,2022-10-29,1,762
1033,2022-10-30,0,763
1034,2022-10-31,0,763
1035,2022-11-01,1,763
1036,2022-11-02,1,764
1037,2022-11-03,0,765
1038,2022-11-04,0,765
1039,2022-11-05,1,765
1040,2022-11-06,0,766
1041,2022-11-07,1,766
1042,2022-11-08,0,767
1043,2022-11-09,1,767
1044,2022-11-10,2,768
1045,2022-11-11,1,770
1046,2022-11-12,1,771
1047,2022-11-13,2,772
1048,2022-11-14,1,774
1049,2022-11-15,0,775
1050,2022-11-16,0,775
1051,2022-11-17,1,775
1052,2022-11-18,0,776
1053,2022-11-19,0,776
1054,2022-11-20,0,776
1055,2022-11-21,0,776
1056,2022-11-22,1,776
1057,2022-11-23,1,777
1058,2022-11-24,2,778
1059,2022-11-25,3,780
1060,2022-11-26,1,783
1061,2022-11-27,1,784
1062,2022-11-28,0,785
1063,2022-11-29,1,785
1064,2022-11-30,1,786
1065,2022-12-01,0,787
1066,2022-12-02,1,787
1067,2022-12-03,0,788
1068,2022-12-04,0,788
1069,2022-12-05,0,788
1070,2022-12-06,0,788
1071,2022-12-07,0,788
1072,2022-12-08,2,788
1073,2022-12-09,1,790
1074,2022-12-10,0,791
1075,2022-12-11,1,791
1076,2022-12-12,0,792
1077,2022-12-13,1,792
1078,2022-12-14,0,793
1079,2022-12-15,0,793
1080,2022-12-16,0,793
1081,2022-12-17,4,793
1082,2022-12-18,0,797
1083,2022-12-19,0,797
1084,2022-12-20,0,797
1085,2022-12-21,0,797
1086,2022-12-22,0,797
1087,2022-12-23,0,797
1088,2022-12-24,0,797
1089,2022-12-25,0,797
1090,2022-12-26,3,797
1091,2022-12-27,1,800
1092,2022-12-28,1,801
1093,2022-12-29,2,802
1094,2022-12-30,0,804
1095,2022-12-31,0,804
1096,2023-01-01,2,804
1097,2023-01-02,2,806
1098,2023-01-03,0,808
1099,2023-01-04,1,808
1100,2023-01-05,3,809
1101,2023-01-06,1,812
1102,2023-01-07,2,813
1103,2023-01-08,0,815
1104,2023-01-09,0,815
1105,2023-01-10,1,815
1106,2023-01-11,0,816
1107,2023-01-12,0,816
1108,2023-01-13,0,816
1109,2023-01-14,0,816
1110,2023-01-15,0,816
1111,2023-01-16,1,816
1112,2023-01-17,3,817
1113,2023-01-18,2,820
1114,2023-01-19,0,822
1115,2023-01-20,0,822
1116,2023-01-21,0,822
1117,2023-01-22,1,822
1118,2023-01-23,0,823
1119,2023-01-24,1,823
1120,2023-01-25,1,824
1121,2023-01-26,1,825
1122,2023-01-27,0,826
1123,2023-01-28,4,826
1124,2023-01-29,2,830
1125,2023-01-30,2,832
1126,2023-01-31,3,834
1127,2023-02-01,2,837
1128,2023-02-02,1,839
1129,2023-02-03,1,840
1130,2023-02-04,1,841
1131,2023-02-05,0,842
1132,2023-02-06,5,842
1133,2023-02-07,3,847
1134,2023-02-08,3,850
1135,2023-02-09,1,853
1136,2023-02-10,1,854
1137,2023-02-11,0,855
1138,2023-02-12,1,855
1139,2023-02-13,0,856
1140,2023-02-14,0,856
1141,2023-02-15,0,856
1142,2023-02-16,1,856
1143,2023-02-17,0,857
1144,2023-02-18,1,857
1145,2023-02-19,1,858
1146,2023-02-20,3,859
1147,2023-02-21,0,862
1148,2023-02-22,1,862
1149,2023-02-23,0,863
1150,2023-02-24,0,863
1151,2023-02-25,0,863
1152,2023-02-26,0,863
1153,2023-02-27,1,863
1154,2023-02-28,0,864
1155,2023-03-01,3,864
1156,2023-03-02,0,867
1157,2023-03-03,0,867
1158,2023-03-04,0,867
1159,2023-03-05,0,867
1160,2023-03-06,2,867
1161,2023-03-07,1,869
1162,2023-03-08,1,870
1163,2023-03-09,0,871
1164,2023-03-10,1,871
1165,2023-03-11,1,872
1166,2023-03-12,0,873
1167,2023-03-13,0,873
1168,2023-03-14,0,873
1169,2023-03-15,0,873
1170,2023-03-16,0,873
1171,2023-03-17,0,873
1172,2023-03-18,1,873
1173,2023-03-19,1,874
1174,2023-03-20,0,875
1175,2023-03-21,1,875
1176,2023-03-22,0,876
1177,2023-03-23,1,876
1178,2023-03-24,0,877
1179,2023-03-25,0,877
1180,2023-03-26,1,877
1181,2023-03-27,1,878
1182,2023-03-28,1,879
1183,2023-03-29,0,880
1184,2023-03-30,1,880
1185,2023-03-31,3,881
1186,2023-04-01,1,884
1187,2023-04-02,0,885
1188,2023-04-03,1,885
1189,2023-04-04,3,886
1190,2023-04-05,0,889
1191,2023-04-06,1,889
1192,2023-04-07,0,890
1193,2023-04-08,1,890
1194,2023-04-09,2,891
1195,2023-04-10,1,893
1196,2023-04-11,2,894
1197,2023-04-12,0,896
1198,2023-04-13,1,896
1199,2023-04-14,1,897
1200,2023-04-15,0,898
1201,2023-04-16,0,898
1202,2023-04-17,1,898
1203,2023-04-18,1,899
1204,2023-04-19,2,900
1205,2023-04-20,0,902
1206,2023-04-21,0,902
1207,2023-04-22,1,902
1208,2023-04-23,1,903
1209,2023-04-24,0,904
1210,2023-04-25,2,904
1211,2023-04-26,0,906
1212,2023-04-27,4,906
1213,2023-04-28,0,910
1214,2023-04-29,1,910
1215,2023-04-30,1,911
1216,2023-05-01,1,912
1217,2023-05-02,1,913
1218,2023-05-03,1,914
1219,2023-05-04,0,915
1220,2023-05-05,0,915
1221,2023-05-06,0,915
1222,2023-05-07,1,915
1223,2023-05-08,1,916
1224,2023-05-09,1,917
1225,2023-05-10,1,918
1226,2023-05-11,0,919
1227,2023-05-12,2,919
1228,2023-05-13,2,921
1229,2023-05-14,0,923
1230,2023-05-15,0,923
1231,2023-05-16,1,923
1232,2023-05-17,2,924
1233,2023-05-18,0,926
1234,2023-05-19,1,926
1235,2023-05-20,2,927
1236,2023-05-21,1,929
1237,2023-05-22,1,930
1238,2023-05-23,2,931
1239,2023-05-24,0,933
1240,2023-05-25,0,933
1241,2023-05-26,1,933
1242,2023-05-27,2,934
1243,2023-05-28,1,936
1244,2023-05-29,1,937
1245,2023-05-30,0,938
1246,2023-05-31,2,938
1247,2023-06-01,0,940
1248,2023-06-02,2,940
1249,2023-06-03,0,942
1250,2023-06-04,0,942
1251,2023-06-05,3,942
1252,2023-06-06,1,945
1253,2023-06-07,4,946
1254,2023-06-08,1,950
1255,2023-06-09,0,951
1256,2023-06-10,0,951
1257,2023-06-11,3,951
1258,2023-06-12,1,954
1259,2023-06-13,2,955
1260,2023-06-14,1,957
1261,2023-06-15,1,958
1262,2023-06-16,0,959
1263,2023-06-17,2,959
1264,2023-06-18,0,961
1265,2023-06-19,0,961
1266,2023-06-20,1,961
1267,2023-06-21,0,962
1268,2023-06-22,2,962
1269,2023-06-23,0,964
1270,2023-06-24,0,964
1271,2023-06-25,1,964
1272,2023-06-26,1,965
1273,2023-06-27,3,966
1274,2023-06-28,2,969
1275,2023-06-29,3,971
1276,2023-06-30,0,974
1277,2023-07-01,1,974
1278,2023-07-02,3,975
1279,2023-07-03,0,978
1280,2023-07-04,2,978
1281,2023-07-05,1,980
1282,2023-07-06,0,981
1283,2023-07-07,0,981
1284,2023-07-08,1,981
1285,2023-07-09,1,982
1286,2023-07-10,2,983
1287,2023-07-11,2,985
1288,2023-07-12,0,987
1289,2023-07-13,1,987
1290,2023-07-14,1,988
1291,2023-07-15,0,989
1292,2023-07-16,0,989
1293,2023-07-17,0,989
1294,2023-07-18,0,989
1295,2023-07-19,2,989
1296,2023-07-20,0,991
1297,2023-07-21,2,991
1298,2023-07-22,1,993
1299,2023-07-23,2,994
1300,2023-07-24,0,996
1301,2023-07-25,1,996
1302,2023-07-26,1,997
1303,2023-07-27,2,998
1304,2023-07-28,1,1000
1305,2023-07-29,3,1001
1306,2023-07-30,3,1004
1307,2023-07-31,0,1007
1308,2023-08-01,4,1007
1309,2023-08-02,1,1011
1310,2023-08-03,0,1012
1311,2023-08-04,0,1012
1312,2023-08-05,0,1012
1313,2023-08-06,1,1012
1314,2023-08-07,1,1013
1315,2023-08-08,2,1014
1316,2023-08-09,1,1016
1317,2023-08-10,1,1017
1318,2023-08-11,0,1018
1319,2023-08-12,0,1018
1320,2023-08-13,0,1018
1321,2023-08-14,0,1018
1322,2023-08-15,0,1018
1323,2023-08-16,0,1018
1324,2023-08-17,2,1018
1325,2023-08-18,1,1020
1326,2023-08-19,0,1021
1327,2023-08-20,0,1021
1328,2023-08-21,0,1021
1329,2023-08-22,0,1021
1330,2023-08-23,0,1021
1331,2023-08-24,0,1021
1332,2023-08-25,0,1021
1333,2023-08-26,0,1021
1334,2023-08-27,2,1021
1335,2023-08-28,0,1023
1336,2023-08-29,0,1023
1337,2023-08-30,1,1023
1338,2023-08-31,0,1024
1339,2023-09-01,0,1024
1340,2023-09-02,0,1024
1341,2023-09-03,0,1024
1342,2023-09-04,1,1024
1343,2023-09-05,0,1025
1344,2023-09-06,1,1025
1345,2023-09-07,1,1026
1346,2023-09-08,1,1027
1347,2023-09-09,0,1028
1348,2023-09-10,3,1028
1349,2023-09-11,2,1031
1350,2023-09-12,0,1033
1351,2023-09-13,1,1033
1352,2023-09-14,1,1034
1353,2023-09-15,0,1035
1354,2023-09-16,0,1035
1355,2023-09-17,0,1035
1356,2023-09-18,0,1035
1357,2023-09-19,1,1035
1358,2023-09-20,0,1036
1359,2023-09-21,1,1036
1360,2023-09-22,2,1037
1361,2023-09-23,3,1039
1362,2023-09-24,0,1042
1363,2023-09-25,2,1042
1364,2023-09-26,0,1044
1365,2023-09-27,0,1044
1366,2023-09-28,1,1044
1367,2023-09-29,0,1045
1368,2023-09-30,0,1045
1369,2023-10-01,0,1045
1370,2023-10-02,2,1045
1371,2023-10-03,0,1047
1372,2023-10-04,1,1047
1373,2023-10-05,0,1048
1374,2023-10-06,0,1048
1375,2023-10-07,1,1048
1376,2023-10-08,0,1049
1377,2023-10-09,3,1049
1378,2023-10-10,1,1052
1379,2023-10-11,1,1053
1380,2023-10-12,1,1054
1381,2023-10-13,2,1055
1382,2023-10-14,0,1057
1383,2023-10-15,0,1057
1384,2023-10-16,1,1057
1385,2023-10-17,1,1058
1386,2023-10-18,0,1059
1387,2023-10-19,0,1059
1388,2023-10-20,0,1059
1389,2023-10-21,0,1059
1390,2023-10-22,1,1059
1391,2023-10-23,1,1060
1392,2023-10-24,2,1061
1393,2023-10-25,1,1063
1394,2023-10-26,1,1064
1395,2023-10-27,0,1065
1396,2023-10-28,1,1065
1397,2023-10-29,0,1066
1398,2023-10-30,1,1066
1399,2023-10-31,2,1067
1400,2023-11-01,1,1069
1401,2023-11-02,1,1070
1402,2023-11-03,0,1071
1403,2023-11-04,2,1071
1404,2023-11-05,1,1073
1405,2023-11-06,0,1074
1406,2023-11-07,0,1074
1407,2023-11-08,0,1074
1408,2023-11-09,1,1074
1409,2023-11-10,3,1075
1410,2023-11-11,0,1078
1411,2023-11-12,2,1078
1412,2023-11-13,1,1080
1413,2023-11-14,0,1081
1414,2023-11-15,0,1081
1415,2023-11-16,0,1081
1416,2023-11-17,0,1081
1417,2023-11-18,1,1081
1418,2023-11-19,0,1082
1419,2023-11-20,0,1082
1420,2023-11-21,2,1082
1421,2023-11-22,1,1084
1422,2023-11-23,2,1085
1423,2023-11-24,2,1087
1424,2023-11-25,0,1089
1425,2023-11-26,0,1089
1426,2023-11-27,1,1089
1427,2023-11-28,0,1090
1428,2023-11-29,0,1090
1429,2023-11-30,0,1090
1430,2023-12-01,1,1090
1431,2023-12-02,1,1091
1432,2023-12-03,0,1092
1433,2023-12-04,0,1092
1434,2023-12-05,0,1092
1435,2023-12-06,1,1092
1436,2023-12-07,0,1093
1437,2023-12-08,0,1093
1438,2023-12-09,1,1093
1439,2023-12-10,0,1094
1440,2023-12-11,0,1094
1441,2023-12-12,1,1094
1442,2023-12-13,0,1095
1443,2023-12-14,2,1095
1444,2023-12-15,1,1097
1445,2023-12-16,2,1098
1446,2023-12-17,0,1100
1447,2023-12-18,1,1100
1448,2023-12-19,0,1101
1449,2023-12-20,0,1101
1450,2023-12-21,1,1101
1451,2023-12-22,1,1102
1452,2023-12-23,1,1103
1453,2023-12-24,0,1104
1454,2023-12-25,0,1104
1455,2023-12-26,1,1104
1456,2023-12-27,0,1105
1457,2023-12-28,2,1105
1458,2023-12-29,2,1107
1459,2023-12-30,0,1109
1460,2023-12-31,1,1109
1461,2024-01-01,0,1110
1462,2024-01-02,1,1110
1463,2024-01-03,2,1111
1464,2024-01-04,0,1113
1465,2024-01-05,2,1113
1466,2024-01-06,0,1115
1467,2024-01-07,1,1115
1468,2024-01-08,1,1116
1469,2024-01-09,0,1117
1470,2024-01-10,1,1117
1471,2024-01-11,0,1118
1472,2024-01-12,1,1118
1473,2024-01-13,1,1119
1474,2024-01-14,1,1120
1475,2024-01-15,1,1121
1476,2024-01-16,3,1122
1477,2024-01-17,1,1125
1478,2024-01-18,1,1126
1479,2024-01-19,1,1127
1480,2024-01-20,0,1128
1481,2024-01-21,2,1128
1482,2024-01-22,1,1130
1483,2024-01-23,2,1131
1484,2024-01-24,1,1133
1485,2024-01-25,0,1134
1486,2024-01-26,1,1134
1487,2024-01-27,0,1135
1488,2024-01-28,0,1135
1489,2024-01-29,2,1135
1490,2024-01-30,0,1137
1491,2024-01-31,3,1137
1492,2024-02-01,0,1140
1493,2024-02-02,1,1140
1494,2024-02-03,2,1141
1495,2024-02-04,0,1143
1496,2024-02-05,0,1143
1497,2024-02-06,0,1143
1498,2024-02-07,0,1143
1499,2024-02-08,0,1143
1500,2024-02-09,1,1143
1501,2024-02-10,2,1144
1502,2024-02-11,2,1146
1503,2024-02-12,3,1148
1504,2024-02-13,2,1151
1505,2024-02-14,0,1153
1506,2024-02-15,0,1153
1507,2024-02-16,1,1153
1508,2024-02-17,0,1154
1509,2024-02-18,1,1154
1510,2024-02-19,2,1155
1511,2024-02-20,2,1157
1512,2024-02-21,2,1159
1513,2024-02-22,3,1161
1514,2024-02-23,1,1164
1515,2024-02-24,0,1165
1516,2024-02-25,0,1165
1517,2024-02-26,1,1165
1518,2024-02-27,0,1166
1519,2024-02-28,0,1166
1520,2024-02-29,0,1166
1521,2024-03-01,2,1166
1522,2024-03-02,1,1168
1523,2024-03-03,0,1169
1524,2024-03-04,1,1169
1525,2024-03-05,0,1170
1526,2024-03-06,0,1170
1527,2024-03-07,1,1170
1528,2024-03-08,0,1171
1529,2024-03-09,1,1171
1530,2024-03-10,1,1172
1531,2024-03-11,0,1173
1532,2024-03-12,1,1173
1533,2024-03-13,0,1174
1534,2024-03-14,1,1174
1535,2024-03-15,1,1175
1536,2024-03-16,1,1176
1537,2024-03-17,1,1177
1538,2024-03-18,0,1178
1539,2024-03-19,1,1178
1540,2024-03-20,0,1179
1541,2024-03-21,1,1179
1542,2024-03-22,0,1180
1543,2024-03-23,1,1180
1544,2024-03-24,0,1181
1545,2024-03-25,1,1181
1546,2024-03-26,3,1182
1547,2024-03-27,1,1185
1548,2024-03-28,0,1186
1549,2024-03-29,1,1186
1550,2024-03-30,1,1187
1551,2024-03-31,0,1188
1552,2024-04-01,0,1188
1553,2024-04-02,0,1188
1554,2024-04-03,0,1188
1555,2024-04-04,2,1188
1556,2024-04-05,4,1190
1557,2024-04-06,0,1194
1558,2024-04-07,2,1194
1559,2024-04-08,0,1196
1560,2024-04-09,2,1196
1561,2024-04-10,2,1198
1562,2024-04-11,0,1200
1563,2024-04-12,3,1200
1564,2024-04-13,0,1203
1565,2024-04-14,0,1203
1566,2024-04-15,1,1203
1567,2024-04-16,1,1204
1568,2024-04-17,0,1205
1569,2024-04-18,1,1205
1570,2024-04-19,0,1206
1571,2024-04-20,1,1206
1572,2024-04-21,1,1207
1573,2024-04-22,1,1208
1574,2024-04-23,0,1209
1575,2024-04-24,1,1209
1576,2024-04-25,1,1210
1577,2024-04-26,0,1211
1578,2024-04-27,2,1211
1579,2024-04-28,2,1213
1580,2024-04-29,1,1215
1581,2024-04-30,1,1216
1582,2024-05-01,0,1217
1583,2024-05-02,1,1217
1584,2024-05-03,0,1218
1585,2024-05-04,0,1218
1586,2024-05-05,1,1218
1587,2024-05-06,1,1219
1588,2024-05-07,0,1220
1589,2024-05-08,1,1220
1590,2024-05-09,0,1221
1591,2024-05-10,1,1221
1592,2024-05-11,0,1222
1593,2024-05-12,1,1222
1594,2024-05-13,0,1223
1595,2024-05-14,0,1223
1596,2024-05-15,2,1223
1597,2024-05-16,0,1225
1598,2024-05-17,0,1225
1599,2024-05-18,1,1225
1600,2024-05-19,0,1226
1601,2024-05-20,0,1226
1602,2024-05-21,3,1226
1603,2024-05-22,2,1229
1604,2024-05-23,1,1231
1605,2024-05-24,1,1232
1606,2024-05-25,0,1233
1607,2024-05-26,0,1233
1608,2024-05-27,0,1233
1609,2024-05-28,0,1233
1610,2024-05-29,0,1233
1611,2024-05-30,0,1233
1612,2024-05-31,0,1233
1613,2024-06-01,0,1233
1614,2024-06-02,1,1233
1615,2024-06-03,1,1234
1616,2024-06-04,3,1235
1617,2024-06-05,3,1238
1618,2024-06-06,1,1241
1619,2024-06-07,1,1242
1620,2024-06-08,1,1243
1621,2024-06-09,0,1244
1622,2024-06-10,0,1244
1623,2024-06-11,0,1244
1624,2024-06-12,1,1244
1625,2024-06-13,2,1245
1626,2024-06-14,0,1247
1627,2024-06-15,0,1247
1628,2024-06-16,0,1247
1629,2024-06-17,0,1247
1630,2024-06-18,1,1247
1631,2024-06-19,0,1248
1632,2024-06-20,0,1248
1633,2024-06-21,2,1248
1634,2024-06-22,2,1250
1635,2024-06-23,1,1252
1636,2024-06-24,0,1253
1637,2024-06-25,1,1253
1638,2024-06-26,1,1254
1639,2024-06-27,0,1255
1640,2024-06-28,1,1255
1641,2024-06-29,1,1256
1642,2024-06-30,1,1257
1643,2024-07-01,0,1258
1644,2024-07-02,1,1258
1645,2024-07-03,0,1259
1646,2024-07-04,1,1259
1647,2024-07-05,1,1260
1648,2024-07-06,0,1261
1649,2024-07-07,1,1261
1650,2024-07-08,1,1262
1651,2024-07-09,0,1263
1652,2024-07-10,0,1263
1653,2024-07-11,2,1263
1654,2024-07-12,0,1265
1655,2024-07-13,1,1265
1656,2024-07-14,1,1266
1657,2024-07-15,0,1267
1658,2024-07-16,0,1267
1659,2024-07-17,2,1267
1660,2024-07-18,0,1269
1661,2024-07-19,1,1269
1662,2024-07-20,1,1270
1663,2024-07-21,0,1271
1664,2024-07-22,0,1271
1665,2024-07-23,1,1271
1666,2024-07-24,0,1272
1667,2024-07-25,1,1272
1668,2024-07-26,1,1273
1669,2024-07-27,0,1274
1670,2024-07-28,3,1274
1671,2024-07-29,0,1277
1672,2024-07-30,0,1277
1673,2024-07-31,1,1277
1674,2024-08-01,1,1278
1675,2024-08-02,0,1279
1676,2024-08-03,1,1279
1677,2024-08-04,0,1280
1678,2024-08-05,0,1280
1679,2024-08-06,3,1280
1680,2024-08-07,1,1283
1681,2024-08-08,0,1284
1682,2024-08-09,2,1284
1683,2024-08-10,2,1286
1684,2024-08-11,1,1288
1685,2024-08-12,2,1289
1686,2024-08-13,1,1291
1687,2024-08-14,0,1292
1688,2024-08-15,0,1292
1689,2024-08-16,0,1292
1690,2024-08-17,0,1292
1691,2024-08-18,2,1292
1692,2024-08-19,0,1294
1693,2024-08-20,1,1294
1694,2024-08-21,0,1295
1695,2024-08-22,0,1295
1696,2024-08-23,0,1295
1697,2024-08-24,1,1295
1698,2024-08-25,0,1296
1699,2024-08-26,0,1296
1700,2024-08-27,0,1296
1701,2024-08-28,1,1296
1702,2024-08-29,2,1297
1703,2024-08-30,0,1299
1704,2024-08-31,1,1299
1705,2024-09-01,0,1300
1706,2024-09-02,0,1300
1707,2024-09-03,1,1300
1708,2024-09-04,1,1301
1709,2024-09-05,2,1302
1710,2024-09-06,0,1304
1711,2024-09-07,1,1304
1712,2024-09-08,1,1305
1713,2024-09-09,0,1306
1714,2024-09-10,0,1306
1715,2024-09-11,2,1306
1716,2024-09-12,0,1308
1717,2024-09-13,0,1308
1718,2024-09-14,1,1308
1719,2024-09-15,1,1309
1720,2024-09-16,2,1310
1721,2024-09-17,0,1312
1722,2024-09-18,0,1312
1723,2024-09-19,0,1312
1724,2024-09-20,0,1312
1725,2024-09-21,0,1312
1726,2024-09-22,0,1312
1727,2024-09-23,0,1312
1728,2024-09-24,0,1312
1729,2024-09-25,1,1312
1730,2024-09-26,1,1313
1731,2024-09-27,1,1314
1732,2024-09-28,0,1315
1733,2024-09-29,1,1315
1734,2024-09-30,1,1316
1735,2024-10-01,0,1317
1736,2024-10-02,0,1317
1737,2024-10-03,2,1317
1738,2024-10-04,0,1319
1739,2024-10-05,1,1319
1740,2024-10-06,1,1320
1741,2024-10-07,1,1321
1742,2024-10-08,0,1322
1743,2024-10-09,0,1322
1744,2024-10-10,0,1322
1745,2024-10-11,1,1322
1746,2024-10-12,5,1323
1747,2024-10-13,1,1328
1748,2024-10-14,1,1329
1749,2024-10-15,0,1330
1750,2024-10-16,0,1330
1751,2024-10-17,0,1330
1752,2024-10-18,0,1330
1753,2024-10-19,1,1330
1754,2024-10-20,0,1331
1755,2024-10-21,0,1331
1756,2024-10-22,0,1331
1757,2024-10-23,1,1331
1758,2024-10-24,0,1332
1759,2024-10-25,2,1332
1760,2024-10-26,1,1334
1761,2024-10-27,2,1335
1762,2024-10-28,2,1337
1763,2024-10-29,1,1339
1764,2024-10-30,2,1340
1765,2024-10-31,1,1342
1766,2024-11-01,1,1343
1767,2024-11-02,0,1344
1768,2024-11-03,0,1344
1769,2024-11-04,1,1344
1770,2024-11-05,1,1345
1771,2024-11-06,0,1346
1772,2024-11-07,0,1346
1773,2024-11-08,0,1346
1774,2024-11-09,0,1346
1775,2024-11-10,0,1346
1776,2024-11-11,1,1346
1777,2024-11-12,0,1347
1778,2024-11-13,0,1347
1779,2024-11-14,0,1347
1780,2024-11-15,0,1347
1781,2024-11-16,4,1347
1782,2024-11-17,5,1351
1783,2024-11-18,1,1356
1784,2024-11-19,0,1357
1785,2024-11-20,1,1357
1786,2024-11-21,2,1358
1787,2024-11-22,0,1360
1788,2024-11-23,0,1360
1789,2024-11-24,3,1360
1790,2024-11-25,0,1363
1791,2024-11-26,1,1363
1792,2024-11-27,1,1364
1793,2024-11-28,0,1365
1794,2024-11-29,0,1365
1795,2024-11-30,1,1365
1796,2024-12-01,0,1366
1797,2024-12-02,2,1366
1798,2024-12-03,0,1368
1799,2024-12-04,2,1368
1800,2024-12-05,2,1370
1801,2024-12-06,1,1372
1802,2024-12-07,1,1373
1803,2024-12-08,1,1374
1804,2024-12-09,0,1375
1805,2024-12-10,0,1375
1806,2024-12-11,1,1375
1807,2024-12-12,1,1376
1808,2024-12-13,3,1377
1809,2024-12-14,1,1380
1810,2024-12-15,1,1381
1811,2024-12-16,0,1382
1812,2024-12-17,0,1382
1813,2024-12-18,1,1382
1814,2024-12-19,0,1383
1815,2024-12-20,1,1383
1816,2024-12-21,0,1384
1817,2024-12-22,0,1384
1818,2024-12-23,0,1384
1819,2024-12-24,1,1384
1820,2024-12-25,0,1385
1821,2024-12-26,0,1385
1822,2024-12-27,1,1385
1823,2024-12-28,0,1386
1824,2024-12-29,1,1386
1825,2024-12-30,2,1387
1826,2024-12-31,1,1389
1827,2025-01-01,1,1390
1828,2025-01-02,0,1391
1829,2025-01-03,2,1391
1830,2025-01-04,0,1393
1831,2025-01-05,0,1393
1832,2025-01-06,0,1393
1833,2025-01-07,0,1393
1834,2025-01-08,1,1393
1835,2025-01-09,2,1394
1836,2025-01-10,2,1396
1837,2025-01-11,0,1398
1838,2025-01-12,3,1398
1839,2025-01-13,1,1401
1840,2025-01-14,2,1402
1841,2025-01-15,2,1404
1842,2025-01-16,0,1406
1843,2025-01-17,0,1406
1844,2025-01-18,1,1406
1845,2025-01-19,3,1407
1846,2025-01-20,1,1410
1847,2025-01-21,1,1411
1848,2025-01-22,1,1412
1849,2025-01-23,4,1413
1850,2025-01-24,3,1417
1851,2025-01-25,2,1420
1852,2025-01-26,2,1422
1853,2025-01-27,2,1424
1854,2025-01-28,0,1426
1855,2025-01-29,0,1426
1856,2025-01-30,2,1426
1857,2025-01-31,0,1428
1858,2025-02-01,1,1428
1859,2025-02-02,0,1429
1860,2025-02-03,1,1429
1861,2025-02-04,0,1430
1862,2025-02-05,2,1430
1863,2025-02-06,1,1432
1864,2025-02-07,0,1433
1865,2025-02-08,1,1433
1866,2025-02-09,1,1434
1867,2025-02-10,0,1435
1868,2025-02-11,0,1435
1869,2025-02-12,1,1435
1870,2025-02-13,0,1436
1871,2025-02-14,0,1436
1872,2025-02-15,1,1436
1873,2025-02-16,0,1437
1874,2025-02-17,0,1437
1875,2025-02-18,0,1437
1876,2025-02-19,0,1437
1877,2025-02-20,0,1437
1878,2025-02-21,0,1437
1879,2025-02-22,0,1437
1880,2025-02-23,0,1437
1881,2025-02-24,1,1437
1882,2025-02-25,3,1438
1883,2025-02-26,1,1441
1884,2025-02-27,1,1442
1885,2025-02-28,1,1443
1886,2025-03-01,0,1444
1887,2025-03-02,1,1444
1888,2025-03-03,0,1445
1889,2025-03-04,0,1445
1890,2025-03-05,0,1445
1891,2025-03-06,2,1445
1892,2025-03-07,0,1447
1893,2025-03-08,0,1447
1894,2025-03-09,0,1447
1895,2025-03-10,1,1447
1896,2025-03-11,1,1448
1897,2025-03-12,0,1449
1898,2025-03-13,0,1449
1899,2025-03-14,1,1449
1900,2025-03-15,2,1450
1901,2025-03-16,0,1452
1902,2025-03-17,1,1452
1903,2025-03-18,1,1453
1904,2025-03-19,0,1454
1905,2025-03-20,2,1454
1906,2025-03-21,0,1456
1907,2025-03-22,1,1456
1908,2025-03-23,0,1457
1909,2025-03-24,0,1457
1910,2025-03-25,1,1457
1911,2025-03-26,0,1458
1912,2025-03-27,1,1458
1913,2025-03-28,0,1459
1914,2025-03-29,2,1459
1915,2025-03-30,2,1461
1916,2025-03-31,0,1463
1917,2025-04-01,2,1463
1918,2025-04-02,2,1465
1919,2025-04-03,0,1467
1920,2025-04-04,1,1467
1921,2025-04-05,0,1468
1922,2025-04-06,0,1468
1923,2025-04-07,0,1468
1924,2025-04-08,1,1468
1925,2025-04-09,0,1469
1926,2025-04-10,0,1469
1927,2025-04-11,0,1469
1928,2025-04-12,2,1469
1929,2025-04-13,2,1471
1930,2025-04-14,0,1473
1931,2025-04-15,0,1473
1932,2025-04-16,1,1473
1933,2025-04-17,0,1474
1934,2025-04-18,1,1474
1935,2025-04-19,0,1475
1936,2025-04-20,1,1475
1937,2025-04-21,2,1476
1938,2025-04-22,0,1478
1939,2025-04-23,1,1478
1940,2025-04-24,1,1479
1941,2025-04-25,1,1480
1942,2025-04-26,2,1481
1943,2025-04-27,1,1483
1944,2025-04-28,1,1484
1945,2025-04-29,1,1485
1946,2025-04-30,1,1486
1947,2025-05-01,2,1487
1948,2025-05-02,0,1489
1949,2025-05-03,0,1489
1950,2025-05-04,3,1489
1951,2025-05-05,1,1492
1952,2025-05-06,3,1493
1953,2025-05-07,0,1496
1954,2025-05-08,0,1496
1955,2025-05-09,0,1496
1956,2025-05-10,0,1496
1957,2025-05-11,0,1496
1958,2025-05-12,0,1496
1959,2025-05-13,1,1496
1960,2025-05-14,1,1497
1961,2025-05-15,2,1498
