Loan_Metrics_ID,Date,Non_Performing_Loans,Total_Loans,Created_At
1,2020-01-01,0,0,2025-05-21 20:58:22.181717
2,2020-01-02,0,0,2025-05-21 20:58:22.182694
3,2020-01-03,0,1,2025-05-21 20:58:22.182694
4,2020-01-04,0,1,2025-05-21 20:58:22.183694
5,2020-01-05,0,2,2025-05-21 20:58:22.183694
6,2020-01-06,0,3,2025-05-21 20:58:22.183694
7,2020-01-07,0,5,2025-05-21 20:58:22.184696
8,2020-01-08,0,7,2025-05-21 20:58:22.184696
9,2020-01-09,1,9,2025-05-21 20:58:22.185694
10,2020-01-10,1,9,2025-05-21 20:58:22.185694
11,2020-01-11,1,9,2025-05-21 20:58:22.185694
12,2020-01-12,1,9,2025-05-21 20:58:22.186695
13,2020-01-13,1,9,2025-05-21 20:58:22.186695
14,2020-01-14,1,9,2025-05-21 20:58:22.186695
15,2020-01-15,1,9,2025-05-21 20:58:22.187695
16,2020-01-16,2,10,2025-05-21 20:58:22.187695
17,2020-01-17,2,11,2025-05-21 20:58:22.187695
18,2020-01-18,2,12,2025-05-21 20:58:22.188695
19,2020-01-19,2,12,2025-05-21 20:58:22.188695
20,2020-01-20,2,12,2025-05-21 20:58:22.188695
21,2020-01-21,2,13,2025-05-21 20:58:22.189803
22,2020-01-22,2,13,2025-05-21 20:58:22.189803
23,2020-01-23,2,13,2025-05-21 20:58:22.189803
24,2020-01-24,2,14,2025-05-21 20:58:22.190804
25,2020-01-25,2,17,2025-05-21 20:58:22.191803
26,2020-01-26,2,17,2025-05-21 20:58:22.191803
27,2020-01-27,2,17,2025-05-21 20:58:22.191803
28,2020-01-28,2,18,2025-05-21 20:58:22.192804
29,2020-01-29,2,18,2025-05-21 20:58:22.192804
30,2020-01-30,2,18,2025-05-21 20:58:22.193807
31,2020-01-31,2,19,2025-05-21 20:58:22.193807
32,2020-02-01,2,19,2025-05-21 20:58:22.193807
33,2020-02-02,2,19,2025-05-21 20:58:22.194805
34,2020-02-03,2,20,2025-05-21 20:58:22.194805
35,2020-02-04,2,21,2025-05-21 20:58:22.194805
36,2020-02-05,2,21,2025-05-21 20:58:22.195809
37,2020-02-06,2,21,2025-05-21 20:58:22.195809
38,2020-02-07,2,21,2025-05-21 20:58:22.195809
39,2020-02-08,2,22,2025-05-21 20:58:22.196834
40,2020-02-09,2,22,2025-05-21 20:58:22.196834
41,2020-02-10,2,22,2025-05-21 20:58:22.196834
42,2020-02-11,2,22,2025-05-21 20:58:22.196834
43,2020-02-12,2,23,2025-05-21 20:58:22.198339
44,2020-02-13,2,23,2025-05-21 20:58:22.198339
45,2020-02-14,2,23,2025-05-21 20:58:22.198339
46,2020-02-15,2,23,2025-05-21 20:58:22.199344
47,2020-02-16,2,24,2025-05-21 20:58:22.199344
48,2020-02-17,2,25,2025-05-21 20:58:22.200379
49,2020-02-18,2,25,2025-05-21 20:58:22.200379
50,2020-02-19,2,26,2025-05-21 20:58:22.201378
51,2020-02-20,2,26,2025-05-21 20:58:22.201378
52,2020-02-21,2,27,2025-05-21 20:58:22.201378
53,2020-02-22,2,28,2025-05-21 20:58:22.202378
54,2020-02-23,2,28,2025-05-21 20:58:22.202378
55,2020-02-24,2,28,2025-05-21 20:58:22.202378
56,2020-02-25,2,29,2025-05-21 20:58:22.203378
57,2020-02-26,2,29,2025-05-21 20:58:22.203378
58,2020-02-27,2,29,2025-05-21 20:58:22.203378
59,2020-02-28,2,29,2025-05-21 20:58:22.203378
60,2020-02-29,2,29,2025-05-21 20:58:22.203378
61,2020-03-01,2,29,2025-05-21 20:58:22.204885
62,2020-03-02,2,29,2025-05-21 20:58:22.204885
63,2020-03-03,2,29,2025-05-21 20:58:22.205909
64,2020-03-04,2,30,2025-05-21 20:58:22.205909
65,2020-03-05,2,30,2025-05-21 20:58:22.205909
66,2020-03-06,2,30,2025-05-21 20:58:22.205909
67,2020-03-07,2,32,2025-05-21 20:58:22.207250
68,2020-03-08,2,32,2025-05-21 20:58:22.207250
69,2020-03-09,2,32,2025-05-21 20:58:22.207250
70,2020-03-10,2,32,2025-05-21 20:58:22.207250
71,2020-03-11,2,33,2025-05-21 20:58:22.207250
72,2020-03-12,2,34,2025-05-21 20:58:22.208753
73,2020-03-13,2,35,2025-05-21 20:58:22.208753
74,2020-03-14,2,37,2025-05-21 20:58:22.208753
75,2020-03-15,2,38,2025-05-21 20:58:22.209761
76,2020-03-16,2,38,2025-05-21 20:58:22.209761
77,2020-03-17,2,39,2025-05-21 20:58:22.209761
78,2020-03-18,2,39,2025-05-21 20:58:22.210760
79,2020-03-19,2,39,2025-05-21 20:58:22.210760
80,2020-03-20,2,39,2025-05-21 20:58:22.210760
81,2020-03-21,2,39,2025-05-21 20:58:22.211761
82,2020-03-22,2,39,2025-05-21 20:58:22.211761
83,2020-03-23,2,40,2025-05-21 20:58:22.212857
84,2020-03-24,2,40,2025-05-21 20:58:22.212857
85,2020-03-25,2,42,2025-05-21 20:58:22.213760
86,2020-03-26,2,42,2025-05-21 20:58:22.213760
87,2020-03-27,2,42,2025-05-21 20:58:22.214758
88,2020-03-28,2,42,2025-05-21 20:58:22.214758
89,2020-03-29,2,42,2025-05-21 20:58:22.214758
90,2020-03-30,2,42,2025-05-21 20:58:22.215758
91,2020-03-31,2,42,2025-05-21 20:58:22.215758
92,2020-04-01,2,43,2025-05-21 20:58:22.215758
93,2020-04-02,2,44,2025-05-21 20:58:22.216758
94,2020-04-03,2,44,2025-05-21 20:58:22.216758
95,2020-04-04,2,44,2025-05-21 20:58:22.216758
96,2020-04-05,2,45,2025-05-21 20:58:22.217760
97,2020-04-06,2,45,2025-05-21 20:58:22.217760
98,2020-04-07,2,45,2025-05-21 20:58:22.218760
99,2020-04-08,2,46,2025-05-21 20:58:22.218760
100,2020-04-09,2,47,2025-05-21 20:58:22.219266
101,2020-04-10,2,47,2025-05-21 20:58:22.219266
102,2020-04-11,2,47,2025-05-21 20:58:22.219266
103,2020-04-12,2,48,2025-05-21 20:58:22.220269
104,2020-04-13,2,48,2025-05-21 20:58:22.220269
105,2020-04-14,2,48,2025-05-21 20:58:22.220269
106,2020-04-15,2,49,2025-05-21 20:58:22.221269
107,2020-04-16,3,50,2025-05-21 20:58:22.221269
108,2020-04-17,3,50,2025-05-21 20:58:22.222274
109,2020-04-18,3,51,2025-05-21 20:58:22.222274
110,2020-04-19,3,51,2025-05-21 20:58:22.222274
111,2020-04-20,3,52,2025-05-21 20:58:22.223270
112,2020-04-21,3,52,2025-05-21 20:58:22.223270
113,2020-04-22,3,52,2025-05-21 20:58:22.223270
114,2020-04-23,3,53,2025-05-21 20:58:22.224270
115,2020-04-24,3,53,2025-05-21 20:58:22.224270
116,2020-04-25,3,53,2025-05-21 20:58:22.224270
117,2020-04-26,3,54,2025-05-21 20:58:22.225268
118,2020-04-27,3,54,2025-05-21 20:58:22.225268
119,2020-04-28,3,56,2025-05-21 20:58:22.225268
120,2020-04-29,3,56,2025-05-21 20:58:22.226268
121,2020-04-30,3,56,2025-05-21 20:58:22.226268
122,2020-05-01,3,56,2025-05-21 20:58:22.226268
123,2020-05-02,3,56,2025-05-21 20:58:22.227267
124,2020-05-03,3,57,2025-05-21 20:58:22.227267
125,2020-05-04,3,57,2025-05-21 20:58:22.227267
126,2020-05-05,3,57,2025-05-21 20:58:22.227267
127,2020-05-06,3,58,2025-05-21 20:58:22.228776
128,2020-05-07,3,58,2025-05-21 20:58:22.228776
129,2020-05-08,3,58,2025-05-21 20:58:22.229782
130,2020-05-09,3,58,2025-05-21 20:58:22.229782
131,2020-05-10,3,58,2025-05-21 20:58:22.229782
132,2020-05-11,3,58,2025-05-21 20:58:22.230784
133,2020-05-12,3,60,2025-05-21 20:58:22.230784
134,2020-05-13,3,63,2025-05-21 20:58:22.230784
135,2020-05-14,3,65,2025-05-21 20:58:22.231783
136,2020-05-15,3,67,2025-05-21 20:58:22.231783
137,2020-05-16,3,69,2025-05-21 20:58:22.231783
138,2020-05-17,3,70,2025-05-21 20:58:22.232783
139,2020-05-18,3,71,2025-05-21 20:58:22.232783
140,2020-05-19,3,72,2025-05-21 20:58:22.232783
141,2020-05-20,3,73,2025-05-21 20:58:22.233783
142,2020-05-21,3,73,2025-05-21 20:58:22.233783
143,2020-05-22,3,75,2025-05-21 20:58:22.233783
144,2020-05-23,3,75,2025-05-21 20:58:22.234784
145,2020-05-24,3,75,2025-05-21 20:58:22.234784
146,2020-05-25,3,75,2025-05-21 20:58:22.234784
147,2020-05-26,3,75,2025-05-21 20:58:22.235783
148,2020-05-27,3,76,2025-05-21 20:58:22.235783
149,2020-05-28,3,77,2025-05-21 20:58:22.235783
150,2020-05-29,3,78,2025-05-21 20:58:22.236783
151,2020-05-30,3,78,2025-05-21 20:58:22.236783
152,2020-05-31,3,79,2025-05-21 20:58:22.236783
153,2020-06-01,3,79,2025-05-21 20:58:22.237782
154,2020-06-02,3,79,2025-05-21 20:58:22.237782
155,2020-06-03,3,79,2025-05-21 20:58:22.238784
156,2020-06-04,3,81,2025-05-21 20:58:22.238784
157,2020-06-05,3,82,2025-05-21 20:58:22.239291
158,2020-06-06,3,82,2025-05-21 20:58:22.239291
159,2020-06-07,3,82,2025-05-21 20:58:22.239291
160,2020-06-08,3,82,2025-05-21 20:58:22.240293
161,2020-06-09,3,83,2025-05-21 20:58:22.240293
162,2020-06-10,3,83,2025-05-21 20:58:22.240293
163,2020-06-11,3,83,2025-05-21 20:58:22.241293
164,2020-06-12,3,85,2025-05-21 20:58:22.241293
165,2020-06-13,3,87,2025-05-21 20:58:22.241293
166,2020-06-14,3,87,2025-05-21 20:58:22.242294
167,2020-06-15,3,90,2025-05-21 20:58:22.242294
168,2020-06-16,3,90,2025-05-21 20:58:22.243296
169,2020-06-17,3,91,2025-05-21 20:58:22.243296
170,2020-06-18,3,91,2025-05-21 20:58:22.243296
171,2020-06-19,3,93,2025-05-21 20:58:22.244293
172,2020-06-20,4,95,2025-05-21 20:58:22.244293
173,2020-06-21,4,95,2025-05-21 20:58:22.244293
174,2020-06-22,4,96,2025-05-21 20:58:22.245294
175,2020-06-23,4,96,2025-05-21 20:58:22.245294
176,2020-06-24,4,97,2025-05-21 20:58:22.246295
177,2020-06-25,4,98,2025-05-21 20:58:22.246295
178,2020-06-26,4,98,2025-05-21 20:58:22.246295
179,2020-06-27,4,99,2025-05-21 20:58:22.247294
180,2020-06-28,4,100,2025-05-21 20:58:22.247294
181,2020-06-29,4,100,2025-05-21 20:58:22.247294
182,2020-06-30,4,101,2025-05-21 20:58:22.247294
183,2020-07-01,4,101,2025-05-21 20:58:22.247294
184,2020-07-02,4,102,2025-05-21 20:58:22.248797
185,2020-07-03,4,102,2025-05-21 20:58:22.249323
186,2020-07-04,4,102,2025-05-21 20:58:22.249323
187,2020-07-05,4,102,2025-05-21 20:58:22.249323
188,2020-07-06,4,103,2025-05-21 20:58:22.250328
189,2020-07-07,4,104,2025-05-21 20:58:22.250328
190,2020-07-08,4,104,2025-05-21 20:58:22.250328
191,2020-07-09,4,106,2025-05-21 20:58:22.251330
192,2020-07-10,4,107,2025-05-21 20:58:22.251330
193,2020-07-11,4,107,2025-05-21 20:58:22.251330
194,2020-07-12,4,109,2025-05-21 20:58:22.252327
195,2020-07-13,4,109,2025-05-21 20:58:22.252327
196,2020-07-14,4,109,2025-05-21 20:58:22.252327
197,2020-07-15,4,110,2025-05-21 20:58:22.253328
198,2020-07-16,4,110,2025-05-21 20:58:22.253328
199,2020-07-17,4,110,2025-05-21 20:58:22.253328
200,2020-07-18,4,111,2025-05-21 20:58:22.254329
201,2020-07-19,4,111,2025-05-21 20:58:22.254329
202,2020-07-20,4,111,2025-05-21 20:58:22.254329
203,2020-07-21,4,111,2025-05-21 20:58:22.255335
204,2020-07-22,4,111,2025-05-21 20:58:22.255335
205,2020-07-23,4,112,2025-05-21 20:58:22.255335
206,2020-07-24,4,112,2025-05-21 20:58:22.256329
207,2020-07-25,4,112,2025-05-21 20:58:22.256329
208,2020-07-26,4,112,2025-05-21 20:58:22.256329
209,2020-07-27,4,113,2025-05-21 20:58:22.256329
210,2020-07-28,4,116,2025-05-21 20:58:22.257333
211,2020-07-29,4,117,2025-05-21 20:58:22.258332
212,2020-07-30,4,117,2025-05-21 20:58:22.258842
213,2020-07-31,4,118,2025-05-21 20:58:22.258842
214,2020-08-01,4,119,2025-05-21 20:58:22.258842
215,2020-08-02,4,119,2025-05-21 20:58:22.259845
216,2020-08-03,4,120,2025-05-21 20:58:22.259845
217,2020-08-04,4,122,2025-05-21 20:58:22.259845
218,2020-08-05,4,122,2025-05-21 20:58:22.260844
219,2020-08-06,4,123,2025-05-21 20:58:22.260844
220,2020-08-07,4,124,2025-05-21 20:58:22.260844
221,2020-08-08,4,125,2025-05-21 20:58:22.261842
222,2020-08-09,4,125,2025-05-21 20:58:22.261842
223,2020-08-10,4,125,2025-05-21 20:58:22.261842
224,2020-08-11,4,125,2025-05-21 20:58:22.262843
225,2020-08-12,4,125,2025-05-21 20:58:22.262843
226,2020-08-13,4,125,2025-05-21 20:58:22.263858
227,2020-08-14,4,126,2025-05-21 20:58:22.263858
228,2020-08-15,5,129,2025-05-21 20:58:22.264856
229,2020-08-16,5,130,2025-05-21 20:58:22.264856
230,2020-08-17,5,130,2025-05-21 20:58:22.264856
231,2020-08-18,5,131,2025-05-21 20:58:22.265854
232,2020-08-19,5,131,2025-05-21 20:58:22.265854
233,2020-08-20,5,133,2025-05-21 20:58:22.265854
234,2020-08-21,5,134,2025-05-21 20:58:22.266853
235,2020-08-22,5,134,2025-05-21 20:58:22.266853
236,2020-08-23,6,135,2025-05-21 20:58:22.266853
237,2020-08-24,6,135,2025-05-21 20:58:22.266853
238,2020-08-25,6,136,2025-05-21 20:58:22.268360
239,2020-08-26,6,136,2025-05-21 20:58:22.268360
240,2020-08-27,6,136,2025-05-21 20:58:22.268360
241,2020-08-28,6,136,2025-05-21 20:58:22.269366
242,2020-08-29,6,138,2025-05-21 20:58:22.269366
243,2020-08-30,6,138,2025-05-21 20:58:22.269366
244,2020-08-31,6,139,2025-05-21 20:58:22.270366
245,2020-09-01,6,140,2025-05-21 20:58:22.270366
246,2020-09-02,6,142,2025-05-21 20:58:22.270366
247,2020-09-03,6,142,2025-05-21 20:58:22.271365
248,2020-09-04,6,142,2025-05-21 20:58:22.271365
249,2020-09-05,6,142,2025-05-21 20:58:22.271365
250,2020-09-06,6,142,2025-05-21 20:58:22.272370
251,2020-09-07,6,143,2025-05-21 20:58:22.272370
252,2020-09-08,6,144,2025-05-21 20:58:22.272370
253,2020-09-09,6,144,2025-05-21 20:58:22.273368
254,2020-09-10,6,146,2025-05-21 20:58:22.274367
255,2020-09-11,6,146,2025-05-21 20:58:22.275367
256,2020-09-12,6,146,2025-05-21 20:58:22.275367
257,2020-09-13,6,146,2025-05-21 20:58:22.276367
258,2020-09-14,6,146,2025-05-21 20:58:22.276367
259,2020-09-15,6,146,2025-05-21 20:58:22.277367
260,2020-09-16,6,147,2025-05-21 20:58:22.278366
261,2020-09-17,6,147,2025-05-21 20:58:22.278871
262,2020-09-18,6,147,2025-05-21 20:58:22.278871
263,2020-09-19,6,147,2025-05-21 20:58:22.279879
264,2020-09-20,6,148,2025-05-21 20:58:22.279879
265,2020-09-21,6,148,2025-05-21 20:58:22.280878
266,2020-09-22,6,148,2025-05-21 20:58:22.280878
267,2020-09-23,6,148,2025-05-21 20:58:22.280878
268,2020-09-24,6,148,2025-05-21 20:58:22.281883
269,2020-09-25,6,148,2025-05-21 20:58:22.281883
270,2020-09-26,6,149,2025-05-21 20:58:22.281883
271,2020-09-27,6,150,2025-05-21 20:58:22.282883
272,2020-09-28,6,150,2025-05-21 20:58:22.282883
273,2020-09-29,6,151,2025-05-21 20:58:22.282883
274,2020-09-30,6,152,2025-05-21 20:58:22.283883
275,2020-10-01,6,154,2025-05-21 20:58:22.283883
276,2020-10-02,6,154,2025-05-21 20:58:22.283883
277,2020-10-03,6,154,2025-05-21 20:58:22.284883
278,2020-10-04,6,155,2025-05-21 20:58:22.284883
279,2020-10-05,6,155,2025-05-21 20:58:22.284883
280,2020-10-06,6,155,2025-05-21 20:58:22.285883
281,2020-10-07,6,156,2025-05-21 20:58:22.285883
282,2020-10-08,6,156,2025-05-21 20:58:22.285883
283,2020-10-09,6,159,2025-05-21 20:58:22.286883
284,2020-10-10,6,159,2025-05-21 20:58:22.286883
285,2020-10-11,6,160,2025-05-21 20:58:22.286883
286,2020-10-12,6,160,2025-05-21 20:58:22.286883
287,2020-10-13,6,161,2025-05-21 20:58:22.286883
288,2020-10-14,6,162,2025-05-21 20:58:22.288387
289,2020-10-15,6,162,2025-05-21 20:58:22.288387
290,2020-10-16,6,164,2025-05-21 20:58:22.288387
291,2020-10-17,6,164,2025-05-21 20:58:22.289393
292,2020-10-18,6,165,2025-05-21 20:58:22.290393
293,2020-10-19,6,167,2025-05-21 20:58:22.290393
294,2020-10-20,6,167,2025-05-21 20:58:22.291393
295,2020-10-21,6,167,2025-05-21 20:58:22.291393
296,2020-10-22,6,169,2025-05-21 20:58:22.291393
297,2020-10-23,6,169,2025-05-21 20:58:22.292395
298,2020-10-24,6,171,2025-05-21 20:58:22.292395
299,2020-10-25,6,171,2025-05-21 20:58:22.292395
300,2020-10-26,6,171,2025-05-21 20:58:22.293397
301,2020-10-27,6,171,2025-05-21 20:58:22.293397
302,2020-10-28,6,171,2025-05-21 20:58:22.293397
303,2020-10-29,6,171,2025-05-21 20:58:22.294397
304,2020-10-30,6,171,2025-05-21 20:58:22.294397
305,2020-10-31,6,172,2025-05-21 20:58:22.294397
306,2020-11-01,6,172,2025-05-21 20:58:22.295395
307,2020-11-02,6,172,2025-05-21 20:58:22.295395
308,2020-11-03,6,172,2025-05-21 20:58:22.295395
309,2020-11-04,6,174,2025-05-21 20:58:22.296393
310,2020-11-05,6,174,2025-05-21 20:58:22.296393
311,2020-11-06,6,175,2025-05-21 20:58:22.296393
312,2020-11-07,6,177,2025-05-21 20:58:22.297395
313,2020-11-08,6,177,2025-05-21 20:58:22.297395
314,2020-11-09,6,178,2025-05-21 20:58:22.297395
315,2020-11-10,6,178,2025-05-21 20:58:22.298391
316,2020-11-11,6,178,2025-05-21 20:58:22.298391
317,2020-11-12,6,179,2025-05-21 20:58:22.298895
318,2020-11-13,6,180,2025-05-21 20:58:22.298895
319,2020-11-14,6,181,2025-05-21 20:58:22.298895
320,2020-11-15,6,182,2025-05-21 20:58:22.299899
321,2020-11-16,6,182,2025-05-21 20:58:22.299899
322,2020-11-17,6,182,2025-05-21 20:58:22.299899
323,2020-11-18,6,183,2025-05-21 20:58:22.300900
324,2020-11-19,6,183,2025-05-21 20:58:22.300900
325,2020-11-20,6,184,2025-05-21 20:58:22.300900
326,2020-11-21,6,184,2025-05-21 20:58:22.301906
327,2020-11-22,6,184,2025-05-21 20:58:22.301906
328,2020-11-23,6,184,2025-05-21 20:58:22.301906
329,2020-11-24,6,184,2025-05-21 20:58:22.302896
330,2020-11-25,6,184,2025-05-21 20:58:22.302896
331,2020-11-26,6,184,2025-05-21 20:58:22.302896
332,2020-11-27,6,185,2025-05-21 20:58:22.303898
333,2020-11-28,6,185,2025-05-21 20:58:22.303898
334,2020-11-29,6,185,2025-05-21 20:58:22.303898
335,2020-11-30,6,185,2025-05-21 20:58:22.304898
336,2020-12-01,6,186,2025-05-21 20:58:22.305902
337,2020-12-02,6,186,2025-05-21 20:58:22.305902
338,2020-12-03,6,186,2025-05-21 20:58:22.306900
339,2020-12-04,6,186,2025-05-21 20:58:22.306900
340,2020-12-05,6,186,2025-05-21 20:58:22.306900
341,2020-12-06,6,187,2025-05-21 20:58:22.306900
342,2020-12-07,6,187,2025-05-21 20:58:22.308406
343,2020-12-08,6,187,2025-05-21 20:58:22.308406
344,2020-12-09,6,188,2025-05-21 20:58:22.308406
345,2020-12-10,7,189,2025-05-21 20:58:22.309414
346,2020-12-11,7,189,2025-05-21 20:58:22.309414
347,2020-12-12,7,189,2025-05-21 20:58:22.309414
348,2020-12-13,7,189,2025-05-21 20:58:22.310415
349,2020-12-14,7,190,2025-05-21 20:58:22.310415
350,2020-12-15,7,190,2025-05-21 20:58:22.310415
351,2020-12-16,7,191,2025-05-21 20:58:22.311413
352,2020-12-17,7,191,2025-05-21 20:58:22.311413
353,2020-12-18,7,191,2025-05-21 20:58:22.311413
354,2020-12-19,7,191,2025-05-21 20:58:22.312415
355,2020-12-20,7,191,2025-05-21 20:58:22.312415
356,2020-12-21,7,191,2025-05-21 20:58:22.313413
357,2020-12-22,7,191,2025-05-21 20:58:22.313413
358,2020-12-23,7,191,2025-05-21 20:58:22.313413
359,2020-12-24,7,192,2025-05-21 20:58:22.314415
360,2020-12-25,7,192,2025-05-21 20:58:22.314415
361,2020-12-26,7,193,2025-05-21 20:58:22.314415
362,2020-12-27,7,193,2025-05-21 20:58:22.315415
363,2020-12-28,7,193,2025-05-21 20:58:22.315415
364,2020-12-29,7,194,2025-05-21 20:58:22.316415
365,2020-12-30,7,194,2025-05-21 20:58:22.316415
366,2020-12-31,7,196,2025-05-21 20:58:22.316415
367,2021-01-01,7,197,2025-05-21 20:58:22.317413
368,2021-01-02,7,197,2025-05-21 20:58:22.317413
369,2021-01-03,7,198,2025-05-21 20:58:22.317413
370,2021-01-04,7,199,2025-05-21 20:58:22.318415
371,2021-01-05,7,199,2025-05-21 20:58:22.318923
372,2021-01-06,7,199,2025-05-21 20:58:22.318923
373,2021-01-07,7,200,2025-05-21 20:58:22.318923
374,2021-01-08,7,201,2025-05-21 20:58:22.319927
375,2021-01-09,7,203,2025-05-21 20:58:22.320927
376,2021-01-10,7,203,2025-05-21 20:58:22.320927
377,2021-01-11,7,203,2025-05-21 20:58:22.321930
378,2021-01-12,7,204,2025-05-21 20:58:22.322927
379,2021-01-13,7,204,2025-05-21 20:58:22.322927
380,2021-01-14,7,205,2025-05-21 20:58:22.323924
381,2021-01-15,8,206,2025-05-21 20:58:22.323924
382,2021-01-16,8,206,2025-05-21 20:58:22.324925
383,2021-01-17,8,206,2025-05-21 20:58:22.324925
384,2021-01-18,8,206,2025-05-21 20:58:22.324925
385,2021-01-19,8,208,2025-05-21 20:58:22.325929
386,2021-01-20,8,208,2025-05-21 20:58:22.325929
387,2021-01-21,8,209,2025-05-21 20:58:22.325929
388,2021-01-22,8,209,2025-05-21 20:58:22.326925
389,2021-01-23,8,211,2025-05-21 20:58:22.326925
390,2021-01-24,8,211,2025-05-21 20:58:22.326925
391,2021-01-25,8,211,2025-05-21 20:58:22.328431
392,2021-01-26,8,210,2025-05-21 20:58:22.328431
393,2021-01-27,8,211,2025-05-21 20:58:22.329437
394,2021-01-28,8,212,2025-05-21 20:58:22.329437
395,2021-01-29,8,214,2025-05-21 20:58:22.329437
396,2021-01-30,8,215,2025-05-21 20:58:22.330439
397,2021-01-31,8,216,2025-05-21 20:58:22.330439
398,2021-02-01,8,218,2025-05-21 20:58:22.331444
399,2021-02-02,8,219,2025-05-21 20:58:22.331444
400,2021-02-03,8,219,2025-05-21 20:58:22.331444
401,2021-02-04,8,219,2025-05-21 20:58:22.332444
402,2021-02-05,8,219,2025-05-21 20:58:22.332444
403,2021-02-06,8,219,2025-05-21 20:58:22.332444
404,2021-02-07,8,220,2025-05-21 20:58:22.333443
405,2021-02-08,8,220,2025-05-21 20:58:22.333443
406,2021-02-09,8,222,2025-05-21 20:58:22.333443
407,2021-02-10,8,224,2025-05-21 20:58:22.334444
408,2021-02-11,8,225,2025-05-21 20:58:22.334444
409,2021-02-12,8,226,2025-05-21 20:58:22.334444
410,2021-02-13,8,228,2025-05-21 20:58:22.335444
411,2021-02-14,8,228,2025-05-21 20:58:22.335444
412,2021-02-15,8,228,2025-05-21 20:58:22.336444
413,2021-02-16,8,228,2025-05-21 20:58:22.336444
414,2021-02-17,8,228,2025-05-21 20:58:22.336444
415,2021-02-18,8,228,2025-05-21 20:58:22.337444
416,2021-02-19,8,228,2025-05-21 20:58:22.337444
417,2021-02-20,8,228,2025-05-21 20:58:22.337444
418,2021-02-21,8,228,2025-05-21 20:58:22.338444
419,2021-02-22,8,228,2025-05-21 20:58:22.338949
420,2021-02-23,8,229,2025-05-21 20:58:22.338949
421,2021-02-24,8,229,2025-05-21 20:58:22.338949
422,2021-02-25,8,229,2025-05-21 20:58:22.339954
423,2021-02-26,8,231,2025-05-21 20:58:22.339954
424,2021-02-27,8,232,2025-05-21 20:58:22.339954
425,2021-02-28,8,232,2025-05-21 20:58:22.340959
426,2021-03-01,8,232,2025-05-21 20:58:22.340959
427,2021-03-02,8,232,2025-05-21 20:58:22.340959
428,2021-03-03,8,234,2025-05-21 20:58:22.341959
429,2021-03-04,8,236,2025-05-21 20:58:22.341959
430,2021-03-05,8,237,2025-05-21 20:58:22.341959
431,2021-03-06,8,238,2025-05-21 20:58:22.342960
432,2021-03-07,8,238,2025-05-21 20:58:22.342960
433,2021-03-08,8,238,2025-05-21 20:58:22.343959
434,2021-03-09,8,239,2025-05-21 20:58:22.343959
435,2021-03-10,8,239,2025-05-21 20:58:22.343959
436,2021-03-11,8,241,2025-05-21 20:58:22.344959
437,2021-03-12,8,242,2025-05-21 20:58:22.344959
438,2021-03-13,8,242,2025-05-21 20:58:22.344959
439,2021-03-14,8,242,2025-05-21 20:58:22.345959
440,2021-03-15,8,242,2025-05-21 20:58:22.345959
441,2021-03-16,8,242,2025-05-21 20:58:22.345959
442,2021-03-17,8,242,2025-05-21 20:58:22.346961
443,2021-03-18,8,244,2025-05-21 20:58:22.346961
444,2021-03-19,8,246,2025-05-21 20:58:22.346961
445,2021-03-20,8,247,2025-05-21 20:58:22.346961
446,2021-03-21,8,247,2025-05-21 20:58:22.348466
447,2021-03-22,8,247,2025-05-21 20:58:22.348466
448,2021-03-23,8,248,2025-05-21 20:58:22.348466
449,2021-03-24,8,249,2025-05-21 20:58:22.349471
450,2021-03-25,8,249,2025-05-21 20:58:22.349976
451,2021-03-26,8,250,2025-05-21 20:58:22.349976
452,2021-03-27,8,251,2025-05-21 20:58:22.349976
453,2021-03-28,8,251,2025-05-21 20:58:22.350981
454,2021-03-29,8,251,2025-05-21 20:58:22.350981
455,2021-03-30,8,253,2025-05-21 20:58:22.352024
456,2021-03-31,8,253,2025-05-21 20:58:22.352024
457,2021-04-01,8,255,2025-05-21 20:58:22.353028
458,2021-04-02,8,256,2025-05-21 20:58:22.353028
459,2021-04-03,8,257,2025-05-21 20:58:22.353028
460,2021-04-04,8,257,2025-05-21 20:58:22.354029
461,2021-04-05,8,257,2025-05-21 20:58:22.354029
462,2021-04-06,8,256,2025-05-21 20:58:22.354029
463,2021-04-07,8,257,2025-05-21 20:58:22.355034
464,2021-04-08,8,257,2025-05-21 20:58:22.355034
465,2021-04-09,8,258,2025-05-21 20:58:22.356029
466,2021-04-10,8,258,2025-05-21 20:58:22.356029
467,2021-04-11,8,259,2025-05-21 20:58:22.356029
468,2021-04-12,8,259,2025-05-21 20:58:22.356029
469,2021-04-13,8,259,2025-05-21 20:58:22.357479
470,2021-04-14,8,259,2025-05-21 20:58:22.357479
471,2021-04-15,8,259,2025-05-21 20:58:22.357479
472,2021-04-16,8,259,2025-05-21 20:58:22.358486
473,2021-04-17,7,259,2025-05-21 20:58:22.358486
474,2021-04-18,7,259,2025-05-21 20:58:22.359521
475,2021-04-19,7,259,2025-05-21 20:58:22.359521
476,2021-04-20,7,260,2025-05-21 20:58:22.359521
477,2021-04-21,7,260,2025-05-21 20:58:22.360529
478,2021-04-22,7,260,2025-05-21 20:58:22.360529
479,2021-04-23,7,260,2025-05-21 20:58:22.360529
480,2021-04-24,7,260,2025-05-21 20:58:22.361525
481,2021-04-25,7,260,2025-05-21 20:58:22.361525
482,2021-04-26,7,261,2025-05-21 20:58:22.361525
483,2021-04-27,7,261,2025-05-21 20:58:22.362532
484,2021-04-28,7,261,2025-05-21 20:58:22.362532
485,2021-04-29,7,261,2025-05-21 20:58:22.362532
486,2021-04-30,7,262,2025-05-21 20:58:22.362532
487,2021-05-01,7,262,2025-05-21 20:58:22.363947
488,2021-05-02,8,264,2025-05-21 20:58:22.363947
489,2021-05-03,8,267,2025-05-21 20:58:22.364953
490,2021-05-04,8,267,2025-05-21 20:58:22.364953
491,2021-05-05,8,268,2025-05-21 20:58:22.364953
492,2021-05-06,8,269,2025-05-21 20:58:22.365952
493,2021-05-07,8,269,2025-05-21 20:58:22.365952
494,2021-05-08,8,269,2025-05-21 20:58:22.366955
495,2021-05-09,8,269,2025-05-21 20:58:22.366955
496,2021-05-10,8,270,2025-05-21 20:58:22.366955
497,2021-05-11,8,271,2025-05-21 20:58:22.368462
498,2021-05-12,8,272,2025-05-21 20:58:22.368462
499,2021-05-13,8,274,2025-05-21 20:58:22.368462
500,2021-05-14,8,273,2025-05-21 20:58:22.369468
501,2021-05-15,8,272,2025-05-21 20:58:22.369468
502,2021-05-16,8,272,2025-05-21 20:58:22.369468
503,2021-05-17,8,272,2025-05-21 20:58:22.370468
504,2021-05-18,8,272,2025-05-21 20:58:22.370468
505,2021-05-19,8,273,2025-05-21 20:58:22.370468
506,2021-05-20,8,273,2025-05-21 20:58:22.371473
507,2021-05-21,8,273,2025-05-21 20:58:22.371473
508,2021-05-22,8,273,2025-05-21 20:58:22.371473
509,2021-05-23,8,274,2025-05-21 20:58:22.372473
510,2021-05-24,8,275,2025-05-21 20:58:22.372473
511,2021-05-25,8,275,2025-05-21 20:58:22.372473
512,2021-05-26,9,276,2025-05-21 20:58:22.373472
513,2021-05-27,9,277,2025-05-21 20:58:22.373472
514,2021-05-28,9,277,2025-05-21 20:58:22.373472
515,2021-05-29,9,277,2025-05-21 20:58:22.374472
516,2021-05-30,9,278,2025-05-21 20:58:22.374472
517,2021-05-31,9,278,2025-05-21 20:58:22.374472
518,2021-06-01,9,280,2025-05-21 20:58:22.375472
519,2021-06-02,9,280,2025-05-21 20:58:22.375472
520,2021-06-03,9,280,2025-05-21 20:58:22.376476
521,2021-06-04,9,282,2025-05-21 20:58:22.376476
522,2021-06-05,9,282,2025-05-21 20:58:22.376476
523,2021-06-06,9,282,2025-05-21 20:58:22.377473
524,2021-06-07,10,285,2025-05-21 20:58:22.377473
525,2021-06-08,10,285,2025-05-21 20:58:22.377473
526,2021-06-09,10,286,2025-05-21 20:58:22.378472
527,2021-06-10,10,287,2025-05-21 20:58:22.378977
528,2021-06-11,10,288,2025-05-21 20:58:22.378977
529,2021-06-12,10,290,2025-05-21 20:58:22.378977
530,2021-06-13,10,289,2025-05-21 20:58:22.379983
531,2021-06-14,10,288,2025-05-21 20:58:22.379983
532,2021-06-15,10,289,2025-05-21 20:58:22.380984
533,2021-06-16,10,289,2025-05-21 20:58:22.380984
534,2021-06-17,10,289,2025-05-21 20:58:22.381988
535,2021-06-18,10,289,2025-05-21 20:58:22.381988
536,2021-06-19,10,290,2025-05-21 20:58:22.381988
537,2021-06-20,10,290,2025-05-21 20:58:22.382988
538,2021-06-21,9,289,2025-05-21 20:58:22.382988
539,2021-06-22,9,290,2025-05-21 20:58:22.382988
540,2021-06-23,9,290,2025-05-21 20:58:22.384072
541,2021-06-24,9,290,2025-05-21 20:58:22.384072
542,2021-06-25,9,291,2025-05-21 20:58:22.384072
543,2021-06-26,9,292,2025-05-21 20:58:22.384072
544,2021-06-27,9,293,2025-05-21 20:58:22.385144
545,2021-06-28,9,293,2025-05-21 20:58:22.385144
546,2021-06-29,9,293,2025-05-21 20:58:22.385144
547,2021-06-30,10,296,2025-05-21 20:58:22.386150
548,2021-07-01,10,296,2025-05-21 20:58:22.386150
549,2021-07-02,10,296,2025-05-21 20:58:22.387151
550,2021-07-03,10,297,2025-05-21 20:58:22.387151
551,2021-07-04,10,297,2025-05-21 20:58:22.387151
552,2021-07-05,10,297,2025-05-21 20:58:22.387151
553,2021-07-06,10,299,2025-05-21 20:58:22.387151
554,2021-07-07,10,299,2025-05-21 20:58:22.388659
555,2021-07-08,10,299,2025-05-21 20:58:22.388659
556,2021-07-09,10,300,2025-05-21 20:58:22.388659
557,2021-07-10,10,301,2025-05-21 20:58:22.389669
558,2021-07-11,10,301,2025-05-21 20:58:22.389669
559,2021-07-12,10,301,2025-05-21 20:58:22.389669
560,2021-07-13,10,302,2025-05-21 20:58:22.390668
561,2021-07-14,10,303,2025-05-21 20:58:22.390668
562,2021-07-15,10,304,2025-05-21 20:58:22.390668
563,2021-07-16,10,304,2025-05-21 20:58:22.391666
564,2021-07-17,10,304,2025-05-21 20:58:22.391666
565,2021-07-18,10,304,2025-05-21 20:58:22.391666
566,2021-07-19,10,303,2025-05-21 20:58:22.392668
567,2021-07-20,10,303,2025-05-21 20:58:22.393667
568,2021-07-21,10,304,2025-05-21 20:58:22.393667
569,2021-07-22,10,304,2025-05-21 20:58:22.393667
570,2021-07-23,10,306,2025-05-21 20:58:22.394665
571,2021-07-24,10,307,2025-05-21 20:58:22.394665
572,2021-07-25,10,307,2025-05-21 20:58:22.394665
573,2021-07-26,10,309,2025-05-21 20:58:22.395665
574,2021-07-27,10,309,2025-05-21 20:58:22.395665
575,2021-07-28,10,308,2025-05-21 20:58:22.395665
576,2021-07-29,10,307,2025-05-21 20:58:22.397668
577,2021-07-30,10,307,2025-05-21 20:58:22.397668
578,2021-07-31,10,307,2025-05-21 20:58:22.398664
579,2021-08-01,10,306,2025-05-21 20:58:22.398664
580,2021-08-02,10,305,2025-05-21 20:58:22.399169
581,2021-08-03,10,305,2025-05-21 20:58:22.399169
582,2021-08-04,10,305,2025-05-21 20:58:22.400171
583,2021-08-05,10,306,2025-05-21 20:58:22.400171
584,2021-08-06,10,306,2025-05-21 20:58:22.400171
585,2021-08-07,10,307,2025-05-21 20:58:22.401175
586,2021-08-08,10,310,2025-05-21 20:58:22.401175
587,2021-08-09,10,310,2025-05-21 20:58:22.401175
588,2021-08-10,10,310,2025-05-21 20:58:22.402172
589,2021-08-11,10,310,2025-05-21 20:58:22.402172
590,2021-08-12,10,310,2025-05-21 20:58:22.402172
591,2021-08-13,10,310,2025-05-21 20:58:22.402172
592,2021-08-14,10,310,2025-05-21 20:58:22.403170
593,2021-08-15,10,310,2025-05-21 20:58:22.403170
594,2021-08-16,10,309,2025-05-21 20:58:22.403170
595,2021-08-17,10,309,2025-05-21 20:58:22.404170
596,2021-08-18,10,309,2025-05-21 20:58:22.404170
597,2021-08-19,10,309,2025-05-21 20:58:22.404170
598,2021-08-20,10,309,2025-05-21 20:58:22.405172
599,2021-08-21,10,309,2025-05-21 20:58:22.405172
600,2021-08-22,10,309,2025-05-21 20:58:22.405172
601,2021-08-23,10,309,2025-05-21 20:58:22.406172
602,2021-08-24,10,309,2025-05-21 20:58:22.406172
603,2021-08-25,10,310,2025-05-21 20:58:22.406172
604,2021-08-26,10,311,2025-05-21 20:58:22.407170
605,2021-08-27,10,311,2025-05-21 20:58:22.407170
606,2021-08-28,10,312,2025-05-21 20:58:22.407953
607,2021-08-29,10,312,2025-05-21 20:58:22.407953
608,2021-08-30,10,312,2025-05-21 20:58:22.408456
609,2021-08-31,10,315,2025-05-21 20:58:22.408456
610,2021-09-01,10,316,2025-05-21 20:58:22.408456
611,2021-09-02,10,317,2025-05-21 20:58:22.409465
612,2021-09-03,10,317,2025-05-21 20:58:22.409465
613,2021-09-04,10,319,2025-05-21 20:58:22.409465
614,2021-09-05,10,319,2025-05-21 20:58:22.410461
615,2021-09-06,10,320,2025-05-21 20:58:22.410461
616,2021-09-07,10,320,2025-05-21 20:58:22.410461
617,2021-09-08,10,320,2025-05-21 20:58:22.411460
618,2021-09-09,10,320,2025-05-21 20:58:22.411460
619,2021-09-10,10,321,2025-05-21 20:58:22.412462
620,2021-09-11,10,321,2025-05-21 20:58:22.412462
621,2021-09-12,10,321,2025-05-21 20:58:22.412462
622,2021-09-13,10,323,2025-05-21 20:58:22.413465
623,2021-09-14,11,325,2025-05-21 20:58:22.413465
624,2021-09-15,11,326,2025-05-21 20:58:22.413465
625,2021-09-16,11,326,2025-05-21 20:58:22.414462
626,2021-09-17,11,327,2025-05-21 20:58:22.414462
627,2021-09-18,11,328,2025-05-21 20:58:22.414462
628,2021-09-19,11,328,2025-05-21 20:58:22.415460
629,2021-09-20,11,329,2025-05-21 20:58:22.415460
630,2021-09-21,11,330,2025-05-21 20:58:22.415460
631,2021-09-22,11,330,2025-05-21 20:58:22.416460
632,2021-09-23,11,331,2025-05-21 20:58:22.416460
633,2021-09-24,11,331,2025-05-21 20:58:22.416460
634,2021-09-25,11,331,2025-05-21 20:58:22.417465
635,2021-09-26,11,332,2025-05-21 20:58:22.417465
636,2021-09-27,11,332,2025-05-21 20:58:22.417465
637,2021-09-28,11,332,2025-05-21 20:58:22.418462
638,2021-09-29,11,333,2025-05-21 20:58:22.418968
639,2021-09-30,11,334,2025-05-21 20:58:22.418968
640,2021-10-01,11,335,2025-05-21 20:58:22.418968
641,2021-10-02,11,335,2025-05-21 20:58:22.419969
642,2021-10-03,11,337,2025-05-21 20:58:22.419969
643,2021-10-04,12,338,2025-05-21 20:58:22.419969
644,2021-10-05,12,338,2025-05-21 20:58:22.420971
645,2021-10-06,12,340,2025-05-21 20:58:22.420971
646,2021-10-07,12,340,2025-05-21 20:58:22.420971
647,2021-10-08,12,341,2025-05-21 20:58:22.421975
648,2021-10-09,12,341,2025-05-21 20:58:22.421975
649,2021-10-10,12,340,2025-05-21 20:58:22.421975
650,2021-10-11,12,341,2025-05-21 20:58:22.422970
651,2021-10-12,12,342,2025-05-21 20:58:22.422970
652,2021-10-13,12,343,2025-05-21 20:58:22.422970
653,2021-10-14,12,343,2025-05-21 20:58:22.423970
654,2021-10-15,12,343,2025-05-21 20:58:22.423970
655,2021-10-16,12,343,2025-05-21 20:58:22.424970
656,2021-10-17,12,344,2025-05-21 20:58:22.424970
657,2021-10-18,12,347,2025-05-21 20:58:22.424970
658,2021-10-19,12,348,2025-05-21 20:58:22.425971
659,2021-10-20,12,349,2025-05-21 20:58:22.425971
660,2021-10-21,12,350,2025-05-21 20:58:22.425971
661,2021-10-22,12,351,2025-05-21 20:58:22.426970
662,2021-10-23,12,353,2025-05-21 20:58:22.426970
663,2021-10-24,12,353,2025-05-21 20:58:22.426970
664,2021-10-25,12,353,2025-05-21 20:58:22.428475
665,2021-10-26,12,353,2025-05-21 20:58:22.428475
666,2021-10-27,12,353,2025-05-21 20:58:22.428475
667,2021-10-28,12,353,2025-05-21 20:58:22.429481
668,2021-10-29,12,353,2025-05-21 20:58:22.429481
669,2021-10-30,12,354,2025-05-21 20:58:22.429481
670,2021-10-31,12,355,2025-05-21 20:58:22.430482
671,2021-11-01,12,354,2025-05-21 20:58:22.430482
672,2021-11-02,12,354,2025-05-21 20:58:22.430482
673,2021-11-03,12,356,2025-05-21 20:58:22.431487
674,2021-11-04,12,356,2025-05-21 20:58:22.431487
675,2021-11-05,12,356,2025-05-21 20:58:22.431487
676,2021-11-06,12,359,2025-05-21 20:58:22.432487
677,2021-11-07,12,359,2025-05-21 20:58:22.432487
678,2021-11-08,12,358,2025-05-21 20:58:22.432487
679,2021-11-09,12,358,2025-05-21 20:58:22.433487
680,2021-11-10,12,358,2025-05-21 20:58:22.433487
681,2021-11-11,12,358,2025-05-21 20:58:22.434487
682,2021-11-12,12,360,2025-05-21 20:58:22.434487
683,2021-11-13,12,360,2025-05-21 20:58:22.434487
684,2021-11-14,12,360,2025-05-21 20:58:22.435487
685,2021-11-15,12,361,2025-05-21 20:58:22.435487
686,2021-11-16,12,361,2025-05-21 20:58:22.435487
687,2021-11-17,12,363,2025-05-21 20:58:22.436487
688,2021-11-18,12,363,2025-05-21 20:58:22.436487
689,2021-11-19,12,364,2025-05-21 20:58:22.436487
690,2021-11-20,12,364,2025-05-21 20:58:22.437487
691,2021-11-21,12,365,2025-05-21 20:58:22.437487
692,2021-11-22,12,366,2025-05-21 20:58:22.437487
693,2021-11-23,12,367,2025-05-21 20:58:22.438487
694,2021-11-24,12,367,2025-05-21 20:58:22.438487
695,2021-11-25,12,367,2025-05-21 20:58:22.438991
696,2021-11-26,12,368,2025-05-21 20:58:22.438991
697,2021-11-27,12,368,2025-05-21 20:58:22.438991
698,2021-11-28,12,368,2025-05-21 20:58:22.439997
699,2021-11-29,12,368,2025-05-21 20:58:22.439997
700,2021-11-30,12,369,2025-05-21 20:58:22.441002
701,2021-12-01,12,370,2025-05-21 20:58:22.441002
702,2021-12-02,12,371,2025-05-21 20:58:22.441002
703,2021-12-03,12,372,2025-05-21 20:58:22.442003
704,2021-12-04,12,372,2025-05-21 20:58:22.442003
705,2021-12-05,12,373,2025-05-21 20:58:22.443004
706,2021-12-06,12,373,2025-05-21 20:58:22.444004
707,2021-12-07,12,373,2025-05-21 20:58:22.444004
708,2021-12-08,12,374,2025-05-21 20:58:22.445004
709,2021-12-09,12,375,2025-05-21 20:58:22.445004
710,2021-12-10,12,375,2025-05-21 20:58:22.446003
711,2021-12-11,12,375,2025-05-21 20:58:22.446003
712,2021-12-12,12,377,2025-05-21 20:58:22.447004
713,2021-12-13,12,378,2025-05-21 20:58:22.447004
714,2021-12-14,12,378,2025-05-21 20:58:22.447004
715,2021-12-15,12,379,2025-05-21 20:58:22.447004
716,2021-12-16,12,379,2025-05-21 20:58:22.448509
717,2021-12-17,12,379,2025-05-21 20:58:22.448509
718,2021-12-18,12,380,2025-05-21 20:58:22.448509
719,2021-12-19,12,381,2025-05-21 20:58:22.449515
720,2021-12-20,12,382,2025-05-21 20:58:22.449515
721,2021-12-21,12,382,2025-05-21 20:58:22.450841
722,2021-12-22,12,383,2025-05-21 20:58:22.450841
723,2021-12-23,12,383,2025-05-21 20:58:22.452243
724,2021-12-24,12,383,2025-05-21 20:58:22.453248
725,2021-12-25,12,383,2025-05-21 20:58:22.453248
726,2021-12-26,12,384,2025-05-21 20:58:22.454553
727,2021-12-27,12,385,2025-05-21 20:58:22.454553
728,2021-12-28,12,386,2025-05-21 20:58:22.455930
729,2021-12-29,12,387,2025-05-21 20:58:22.455930
730,2021-12-30,12,386,2025-05-21 20:58:22.455930
731,2021-12-31,12,388,2025-05-21 20:58:22.457305
732,2022-01-01,12,389,2025-05-21 20:58:22.457305
733,2022-01-02,12,389,2025-05-21 20:58:22.457305
734,2022-01-03,12,389,2025-05-21 20:58:22.457305
735,2022-01-04,12,392,2025-05-21 20:58:22.458549
736,2022-01-05,12,392,2025-05-21 20:58:22.458549
737,2022-01-06,12,393,2025-05-21 20:58:22.458549
738,2022-01-07,12,395,2025-05-21 20:58:22.459920
739,2022-01-08,12,395,2025-05-21 20:58:22.459920
740,2022-01-09,12,397,2025-05-21 20:58:22.459920
741,2022-01-10,12,396,2025-05-21 20:58:22.459920
742,2022-01-11,12,396,2025-05-21 20:58:22.461362
743,2022-01-12,12,398,2025-05-21 20:58:22.461362
744,2022-01-13,12,399,2025-05-21 20:58:22.461362
745,2022-01-14,12,402,2025-05-21 20:58:22.461362
746,2022-01-15,12,401,2025-05-21 20:58:22.462854
747,2022-01-16,12,402,2025-05-21 20:58:22.462854
748,2022-01-17,12,403,2025-05-21 20:58:22.462854
749,2022-01-18,12,403,2025-05-21 20:58:22.464314
750,2022-01-19,12,404,2025-05-21 20:58:22.464314
751,2022-01-20,12,403,2025-05-21 20:58:22.464314
752,2022-01-21,12,403,2025-05-21 20:58:22.465318
753,2022-01-22,12,404,2025-05-21 20:58:22.465318
754,2022-01-23,12,404,2025-05-21 20:58:22.465318
755,2022-01-24,12,404,2025-05-21 20:58:22.466320
756,2022-01-25,12,405,2025-05-21 20:58:22.466320
757,2022-01-26,12,405,2025-05-21 20:58:22.466320
758,2022-01-27,12,407,2025-05-21 20:58:22.467318
759,2022-01-28,12,409,2025-05-21 20:58:22.467318
760,2022-01-29,12,409,2025-05-21 20:58:22.468319
761,2022-01-30,12,408,2025-05-21 20:58:22.468319
762,2022-01-31,12,409,2025-05-21 20:58:22.468823
763,2022-02-01,12,409,2025-05-21 20:58:22.468823
764,2022-02-02,12,408,2025-05-21 20:58:22.468823
765,2022-02-03,12,409,2025-05-21 20:58:22.469830
766,2022-02-04,12,410,2025-05-21 20:58:22.469830
767,2022-02-05,12,410,2025-05-21 20:58:22.470830
768,2022-02-06,12,410,2025-05-21 20:58:22.470830
769,2022-02-07,12,410,2025-05-21 20:58:22.470830
770,2022-02-08,12,410,2025-05-21 20:58:22.471832
771,2022-02-09,12,411,2025-05-21 20:58:22.471832
772,2022-02-10,12,411,2025-05-21 20:58:22.471832
773,2022-02-11,12,412,2025-05-21 20:58:22.472832
774,2022-02-12,12,412,2025-05-21 20:58:22.472832
775,2022-02-13,12,413,2025-05-21 20:58:22.472832
776,2022-02-14,12,413,2025-05-21 20:58:22.473829
777,2022-02-15,12,413,2025-05-21 20:58:22.473829
778,2022-02-16,12,413,2025-05-21 20:58:22.474831
779,2022-02-17,12,413,2025-05-21 20:58:22.474831
780,2022-02-18,12,414,2025-05-21 20:58:22.475832
781,2022-02-19,12,415,2025-05-21 20:58:22.475832
782,2022-02-20,12,415,2025-05-21 20:58:22.476834
783,2022-02-21,12,416,2025-05-21 20:58:22.476834
784,2022-02-22,12,416,2025-05-21 20:58:22.476834
785,2022-02-23,12,416,2025-05-21 20:58:22.476834
786,2022-02-24,12,415,2025-05-21 20:58:22.478342
787,2022-02-25,12,415,2025-05-21 20:58:22.478342
788,2022-02-26,12,415,2025-05-21 20:58:22.478342
789,2022-02-27,13,416,2025-05-21 20:58:22.479350
790,2022-02-28,13,417,2025-05-21 20:58:22.479350
791,2022-03-01,13,420,2025-05-21 20:58:22.479350
792,2022-03-02,13,422,2025-05-21 20:58:22.480352
793,2022-03-03,13,425,2025-05-21 20:58:22.480352
794,2022-03-04,13,424,2025-05-21 20:58:22.481351
795,2022-03-05,13,426,2025-05-21 20:58:22.481351
796,2022-03-06,13,427,2025-05-21 20:58:22.481351
797,2022-03-07,13,427,2025-05-21 20:58:22.482350
798,2022-03-08,13,428,2025-05-21 20:58:22.482350
799,2022-03-09,13,429,2025-05-21 20:58:22.482350
800,2022-03-10,13,429,2025-05-21 20:58:22.483350
801,2022-03-11,13,429,2025-05-21 20:58:22.483350
802,2022-03-12,13,428,2025-05-21 20:58:22.483350
803,2022-03-13,13,427,2025-05-21 20:58:22.484351
804,2022-03-14,13,428,2025-05-21 20:58:22.485350
805,2022-03-15,13,428,2025-05-21 20:58:22.485350
806,2022-03-16,13,428,2025-05-21 20:58:22.485350
807,2022-03-17,13,428,2025-05-21 20:58:22.486351
808,2022-03-18,13,428,2025-05-21 20:58:22.486351
809,2022-03-19,14,430,2025-05-21 20:58:22.486351
810,2022-03-20,14,429,2025-05-21 20:58:22.487351
811,2022-03-21,14,431,2025-05-21 20:58:22.487351
812,2022-03-22,14,432,2025-05-21 20:58:22.487351
813,2022-03-23,14,434,2025-05-21 20:58:22.488352
814,2022-03-24,14,435,2025-05-21 20:58:22.488352
815,2022-03-25,14,436,2025-05-21 20:58:22.489439
816,2022-03-26,14,437,2025-05-21 20:58:22.489439
817,2022-03-27,14,437,2025-05-21 20:58:22.490883
818,2022-03-28,14,437,2025-05-21 20:58:22.490883
819,2022-03-29,14,437,2025-05-21 20:58:22.490883
820,2022-03-30,14,437,2025-05-21 20:58:22.491888
821,2022-03-31,14,437,2025-05-21 20:58:22.491888
822,2022-04-01,14,438,2025-05-21 20:58:22.491888
823,2022-04-02,14,437,2025-05-21 20:58:22.492890
824,2022-04-03,14,437,2025-05-21 20:58:22.492890
825,2022-04-04,14,437,2025-05-21 20:58:22.493889
826,2022-04-05,14,439,2025-05-21 20:58:22.493889
827,2022-04-06,14,441,2025-05-21 20:58:22.493889
828,2022-04-07,14,441,2025-05-21 20:58:22.494890
829,2022-04-08,14,442,2025-05-21 20:58:22.494890
830,2022-04-09,14,443,2025-05-21 20:58:22.494890
831,2022-04-10,14,444,2025-05-21 20:58:22.495890
832,2022-04-11,14,444,2025-05-21 20:58:22.495890
833,2022-04-12,14,445,2025-05-21 20:58:22.496892
834,2022-04-13,14,447,2025-05-21 20:58:22.496892
835,2022-04-14,14,447,2025-05-21 20:58:22.496892
836,2022-04-15,14,447,2025-05-21 20:58:22.496892
837,2022-04-16,14,447,2025-05-21 20:58:22.498397
838,2022-04-17,14,447,2025-05-21 20:58:22.498397
839,2022-04-18,14,448,2025-05-21 20:58:22.498397
840,2022-04-19,14,448,2025-05-21 20:58:22.499406
841,2022-04-20,14,449,2025-05-21 20:58:22.499406
842,2022-04-21,14,450,2025-05-21 20:58:22.499406
843,2022-04-22,14,452,2025-05-21 20:58:22.500406
844,2022-04-23,14,453,2025-05-21 20:58:22.500406
845,2022-04-24,14,455,2025-05-21 20:58:22.500406
846,2022-04-25,14,456,2025-05-21 20:58:22.501404
847,2022-04-26,14,457,2025-05-21 20:58:22.501404
848,2022-04-27,14,458,2025-05-21 20:58:22.502406
849,2022-04-28,14,459,2025-05-21 20:58:22.502406
850,2022-04-29,14,460,2025-05-21 20:58:22.502406
851,2022-04-30,14,460,2025-05-21 20:58:22.503431
852,2022-05-01,14,460,2025-05-21 20:58:22.503431
853,2022-05-02,14,460,2025-05-21 20:58:22.503431
854,2022-05-03,14,459,2025-05-21 20:58:22.504426
855,2022-05-04,14,460,2025-05-21 20:58:22.504426
856,2022-05-05,14,460,2025-05-21 20:58:22.504426
857,2022-05-06,14,460,2025-05-21 20:58:22.505427
858,2022-05-07,14,460,2025-05-21 20:58:22.505427
859,2022-05-08,14,463,2025-05-21 20:58:22.506730
860,2022-05-09,14,464,2025-05-21 20:58:22.506730
861,2022-05-10,14,466,2025-05-21 20:58:22.507737
862,2022-05-11,14,467,2025-05-21 20:58:22.507737
863,2022-05-12,14,468,2025-05-21 20:58:22.508736
864,2022-05-13,14,468,2025-05-21 20:58:22.508736
865,2022-05-14,14,467,2025-05-21 20:58:22.509241
866,2022-05-15,14,468,2025-05-21 20:58:22.509241
867,2022-05-16,14,468,2025-05-21 20:58:22.509241
868,2022-05-17,14,470,2025-05-21 20:58:22.509241
869,2022-05-18,14,473,2025-05-21 20:58:22.510624
870,2022-05-19,14,473,2025-05-21 20:58:22.510624
871,2022-05-20,14,472,2025-05-21 20:58:22.511632
872,2022-05-21,14,472,2025-05-21 20:58:22.511632
873,2022-05-22,14,472,2025-05-21 20:58:22.511632
874,2022-05-23,14,472,2025-05-21 20:58:22.512631
875,2022-05-24,14,472,2025-05-21 20:58:22.512631
876,2022-05-25,14,472,2025-05-21 20:58:22.513632
877,2022-05-26,14,472,2025-05-21 20:58:22.513632
878,2022-05-27,14,473,2025-05-21 20:58:22.513632
879,2022-05-28,14,474,2025-05-21 20:58:22.514631
880,2022-05-29,14,474,2025-05-21 20:58:22.514631
881,2022-05-30,14,474,2025-05-21 20:58:22.515631
882,2022-05-31,14,474,2025-05-21 20:58:22.515631
883,2022-06-01,14,474,2025-05-21 20:58:22.515631
884,2022-06-02,14,477,2025-05-21 20:58:22.516631
885,2022-06-03,14,477,2025-05-21 20:58:22.516631
886,2022-06-04,14,478,2025-05-21 20:58:22.516631
887,2022-06-05,14,480,2025-05-21 20:58:22.517631
888,2022-06-06,14,480,2025-05-21 20:58:22.517631
889,2022-06-07,14,480,2025-05-21 20:58:22.517631
890,2022-06-08,13,479,2025-05-21 20:58:22.518630
891,2022-06-09,13,480,2025-05-21 20:58:22.518630
892,2022-06-10,13,480,2025-05-21 20:58:22.518630
893,2022-06-11,13,480,2025-05-21 20:58:22.519661
894,2022-06-12,13,480,2025-05-21 20:58:22.519661
895,2022-06-13,13,480,2025-05-21 20:58:22.519661
896,2022-06-14,13,481,2025-05-21 20:58:22.521055
897,2022-06-15,13,481,2025-05-21 20:58:22.521055
898,2022-06-16,13,481,2025-05-21 20:58:22.522460
899,2022-06-17,13,481,2025-05-21 20:58:22.522460
900,2022-06-18,13,482,2025-05-21 20:58:22.523896
901,2022-06-19,13,485,2025-05-21 20:58:22.523896
902,2022-06-20,13,484,2025-05-21 20:58:22.525388
903,2022-06-21,13,485,2025-05-21 20:58:22.525388
904,2022-06-22,13,485,2025-05-21 20:58:22.526396
905,2022-06-23,13,484,2025-05-21 20:58:22.526396
906,2022-06-24,13,484,2025-05-21 20:58:22.527396
907,2022-06-25,13,484,2025-05-21 20:58:22.527396
908,2022-06-26,13,484,2025-05-21 20:58:22.528399
909,2022-06-27,13,484,2025-05-21 20:58:22.528399
910,2022-06-28,13,485,2025-05-21 20:58:22.529834
911,2022-06-29,13,486,2025-05-21 20:58:22.531245
912,2022-06-30,13,486,2025-05-21 20:58:22.531245
913,2022-07-01,13,487,2025-05-21 20:58:22.532252
914,2022-07-02,13,487,2025-05-21 20:58:22.532252
915,2022-07-03,13,488,2025-05-21 20:58:22.533253
916,2022-07-04,13,489,2025-05-21 20:58:22.533253
917,2022-07-05,13,489,2025-05-21 20:58:22.534261
918,2022-07-06,13,489,2025-05-21 20:58:22.534261
919,2022-07-07,13,489,2025-05-21 20:58:22.535252
920,2022-07-08,13,490,2025-05-21 20:58:22.535252
921,2022-07-09,13,491,2025-05-21 20:58:22.535252
922,2022-07-10,13,491,2025-05-21 20:58:22.536569
923,2022-07-11,13,492,2025-05-21 20:58:22.536569
924,2022-07-12,13,493,2025-05-21 20:58:22.537730
925,2022-07-13,13,493,2025-05-21 20:58:22.537730
926,2022-07-14,13,494,2025-05-21 20:58:22.538720
927,2022-07-15,13,495,2025-05-21 20:58:22.538720
928,2022-07-16,13,497,2025-05-21 20:58:22.538720
929,2022-07-17,13,497,2025-05-21 20:58:22.540004
930,2022-07-18,13,498,2025-05-21 20:58:22.540004
931,2022-07-19,13,498,2025-05-21 20:58:22.540004
932,2022-07-20,13,498,2025-05-21 20:58:22.541460
933,2022-07-21,13,498,2025-05-21 20:58:22.541460
934,2022-07-22,13,497,2025-05-21 20:58:22.542468
935,2022-07-23,13,497,2025-05-21 20:58:22.542468
936,2022-07-24,13,497,2025-05-21 20:58:22.543466
937,2022-07-25,13,496,2025-05-21 20:58:22.543466
938,2022-07-26,13,497,2025-05-21 20:58:22.543466
939,2022-07-27,13,497,2025-05-21 20:58:22.543466
940,2022-07-28,13,499,2025-05-21 20:58:22.544942
941,2022-07-29,13,499,2025-05-21 20:58:22.544942
942,2022-07-30,13,500,2025-05-21 20:58:22.545948
943,2022-07-31,13,500,2025-05-21 20:58:22.545948
944,2022-08-01,13,500,2025-05-21 20:58:22.547439
945,2022-08-02,13,500,2025-05-21 20:58:22.547439
946,2022-08-03,13,500,2025-05-21 20:58:22.548444
947,2022-08-04,13,500,2025-05-21 20:58:22.549448
948,2022-08-05,13,499,2025-05-21 20:58:22.549448
949,2022-08-06,13,499,2025-05-21 20:58:22.549448
950,2022-08-07,13,500,2025-05-21 20:58:22.550711
951,2022-08-08,13,498,2025-05-21 20:58:22.552621
952,2022-08-09,13,498,2025-05-21 20:58:22.553126
953,2022-08-10,13,499,2025-05-21 20:58:22.553126
954,2022-08-11,13,500,2025-05-21 20:58:22.554133
955,2022-08-12,13,500,2025-05-21 20:58:22.554133
956,2022-08-13,13,500,2025-05-21 20:58:22.555135
957,2022-08-14,13,500,2025-05-21 20:58:22.556137
958,2022-08-15,14,501,2025-05-21 20:58:22.557557
959,2022-08-16,14,501,2025-05-21 20:58:22.558564
960,2022-08-17,14,501,2025-05-21 20:58:22.560572
961,2022-08-18,14,502,2025-05-21 20:58:22.561571
962,2022-08-19,15,504,2025-05-21 20:58:22.561571
963,2022-08-20,15,504,2025-05-21 20:58:22.563975
964,2022-08-21,15,504,2025-05-21 20:58:22.563975
965,2022-08-22,15,505,2025-05-21 20:58:22.563975
966,2022-08-23,15,505,2025-05-21 20:58:22.565422
967,2022-08-24,15,507,2025-05-21 20:58:22.565422
968,2022-08-25,15,507,2025-05-21 20:58:22.565422
969,2022-08-26,15,510,2025-05-21 20:58:22.566709
970,2022-08-27,15,510,2025-05-21 20:58:22.566709
971,2022-08-28,15,510,2025-05-21 20:58:22.569219
972,2022-08-29,15,511,2025-05-21 20:58:22.569219
973,2022-08-30,15,511,2025-05-21 20:58:22.570226
974,2022-08-31,15,513,2025-05-21 20:58:22.571234
975,2022-09-01,15,513,2025-05-21 20:58:22.572236
976,2022-09-02,15,513,2025-05-21 20:58:22.573231
977,2022-09-03,15,514,2025-05-21 20:58:22.573231
978,2022-09-04,15,514,2025-05-21 20:58:22.574230
979,2022-09-05,15,514,2025-05-21 20:58:22.575230
980,2022-09-06,15,517,2025-05-21 20:58:22.576233
981,2022-09-07,15,516,2025-05-21 20:58:22.576233
982,2022-09-08,16,518,2025-05-21 20:58:22.577229
983,2022-09-09,16,518,2025-05-21 20:58:22.577229
984,2022-09-10,16,518,2025-05-21 20:58:22.578733
985,2022-09-11,16,518,2025-05-21 20:58:22.578733
986,2022-09-12,16,518,2025-05-21 20:58:22.579741
987,2022-09-13,16,518,2025-05-21 20:58:22.580740
988,2022-09-14,16,519,2025-05-21 20:58:22.580740
989,2022-09-15,15,518,2025-05-21 20:58:22.581740
990,2022-09-16,15,519,2025-05-21 20:58:22.581740
991,2022-09-17,15,519,2025-05-21 20:58:22.582740
992,2022-09-18,15,520,2025-05-21 20:58:22.583742
993,2022-09-19,15,521,2025-05-21 20:58:22.583742
994,2022-09-20,15,522,2025-05-21 20:58:22.585179
995,2022-09-21,15,521,2025-05-21 20:58:22.585179
996,2022-09-22,15,522,2025-05-21 20:58:22.586188
997,2022-09-23,15,522,2025-05-21 20:58:22.586188
998,2022-09-24,15,522,2025-05-21 20:58:22.587185
999,2022-09-25,15,522,2025-05-21 20:58:22.587185
1000,2022-09-26,15,525,2025-05-21 20:58:22.587185
1001,2022-09-27,15,527,2025-05-21 20:58:22.587185
1002,2022-09-28,15,528,2025-05-21 20:58:22.588691
1003,2022-09-29,15,528,2025-05-21 20:58:22.588691
1004,2022-09-30,15,529,2025-05-21 20:58:22.589757
1005,2022-10-01,15,530,2025-05-21 20:58:22.589757
1006,2022-10-02,15,529,2025-05-21 20:58:22.589757
1007,2022-10-03,15,531,2025-05-21 20:58:22.590696
1008,2022-10-04,15,531,2025-05-21 20:58:22.590696
1009,2022-10-05,15,531,2025-05-21 20:58:22.590696
1010,2022-10-06,15,534,2025-05-21 20:58:22.591696
1011,2022-10-07,15,535,2025-05-21 20:58:22.591696
1012,2022-10-08,15,535,2025-05-21 20:58:22.592698
1013,2022-10-09,15,535,2025-05-21 20:58:22.592698
1014,2022-10-10,15,536,2025-05-21 20:58:22.592698
1015,2022-10-11,15,538,2025-05-21 20:58:22.593697
1016,2022-10-12,15,538,2025-05-21 20:58:22.593697
1017,2022-10-13,15,538,2025-05-21 20:58:22.593697
1018,2022-10-14,15,538,2025-05-21 20:58:22.594699
1019,2022-10-15,15,539,2025-05-21 20:58:22.594699
1020,2022-10-16,15,539,2025-05-21 20:58:22.594699
1021,2022-10-17,15,539,2025-05-21 20:58:22.595696
1022,2022-10-18,15,539,2025-05-21 20:58:22.595696
1023,2022-10-19,15,539,2025-05-21 20:58:22.596701
1024,2022-10-20,15,539,2025-05-21 20:58:22.596701
1025,2022-10-21,15,540,2025-05-21 20:58:22.596701
1026,2022-10-22,15,542,2025-05-21 20:58:22.597698
1027,2022-10-23,15,544,2025-05-21 20:58:22.597698
1028,2022-10-24,15,545,2025-05-21 20:58:22.597698
1029,2022-10-25,15,545,2025-05-21 20:58:22.598696
1030,2022-10-26,15,545,2025-05-21 20:58:22.598696
1031,2022-10-27,15,546,2025-05-21 20:58:22.599834
1032,2022-10-28,15,547,2025-05-21 20:58:22.599834
1033,2022-10-29,15,547,2025-05-21 20:58:22.599834
1034,2022-10-30,15,549,2025-05-21 20:58:22.600838
1035,2022-10-31,15,550,2025-05-21 20:58:22.600838
1036,2022-11-01,15,549,2025-05-21 20:58:22.600838
1037,2022-11-02,15,551,2025-05-21 20:58:22.602197
1038,2022-11-03,15,551,2025-05-21 20:58:22.602197
1039,2022-11-04,15,552,2025-05-21 20:58:22.602197
1040,2022-11-05,15,552,2025-05-21 20:58:22.603202
1041,2022-11-06,15,555,2025-05-21 20:58:22.603202
1042,2022-11-07,15,554,2025-05-21 20:58:22.603202
1043,2022-11-08,15,556,2025-05-21 20:58:22.604203
1044,2022-11-09,15,558,2025-05-21 20:58:22.604203
1045,2022-11-10,15,559,2025-05-21 20:58:22.604203
1046,2022-11-11,15,559,2025-05-21 20:58:22.605203
1047,2022-11-12,15,559,2025-05-21 20:58:22.605203
1048,2022-11-13,15,559,2025-05-21 20:58:22.606225
1049,2022-11-14,15,561,2025-05-21 20:58:22.606225
1050,2022-11-15,15,561,2025-05-21 20:58:22.606225
1051,2022-11-16,15,561,2025-05-21 20:58:22.607202
1052,2022-11-17,16,562,2025-05-21 20:58:22.607202
1053,2022-11-18,16,563,2025-05-21 20:58:22.607202
1054,2022-11-19,16,563,2025-05-21 20:58:22.607202
1055,2022-11-20,16,563,2025-05-21 20:58:22.608706
1056,2022-11-21,16,564,2025-05-21 20:58:22.608706
1057,2022-11-22,17,565,2025-05-21 20:58:22.608706
1058,2022-11-23,17,564,2025-05-21 20:58:22.609716
1059,2022-11-24,17,564,2025-05-21 20:58:22.609716
1060,2022-11-25,17,564,2025-05-21 20:58:22.609716
1061,2022-11-26,17,564,2025-05-21 20:58:22.610714
1062,2022-11-27,17,565,2025-05-21 20:58:22.610714
1063,2022-11-28,17,565,2025-05-21 20:58:22.610714
1064,2022-11-29,17,565,2025-05-21 20:58:22.611714
1065,2022-11-30,18,566,2025-05-21 20:58:22.611714
1066,2022-12-01,18,566,2025-05-21 20:58:22.611714
1067,2022-12-02,18,567,2025-05-21 20:58:22.612716
1068,2022-12-03,18,567,2025-05-21 20:58:22.612716
1069,2022-12-04,18,566,2025-05-21 20:58:22.612716
1070,2022-12-05,18,567,2025-05-21 20:58:22.613713
1071,2022-12-06,19,568,2025-05-21 20:58:22.614714
1072,2022-12-07,19,569,2025-05-21 20:58:22.614714
1073,2022-12-08,19,569,2025-05-21 20:58:22.614714
1074,2022-12-09,19,569,2025-05-21 20:58:22.615712
1075,2022-12-10,19,568,2025-05-21 20:58:22.615712
1076,2022-12-11,19,569,2025-05-21 20:58:22.615712
1077,2022-12-12,19,571,2025-05-21 20:58:22.616712
1078,2022-12-13,19,570,2025-05-21 20:58:22.617714
1079,2022-12-14,19,570,2025-05-21 20:58:22.617714
1080,2022-12-15,20,572,2025-05-21 20:58:22.617714
1081,2022-12-16,20,574,2025-05-21 20:58:22.618714
1082,2022-12-17,20,577,2025-05-21 20:58:22.619219
1083,2022-12-18,20,578,2025-05-21 20:58:22.619219
1084,2022-12-19,20,577,2025-05-21 20:58:22.620225
1085,2022-12-20,20,576,2025-05-21 20:58:22.620225
1086,2022-12-21,20,576,2025-05-21 20:58:22.620225
1087,2022-12-22,20,577,2025-05-21 20:58:22.621230
1088,2022-12-23,20,577,2025-05-21 20:58:22.621230
1089,2022-12-24,20,577,2025-05-21 20:58:22.621230
1090,2022-12-25,20,577,2025-05-21 20:58:22.622230
1091,2022-12-26,20,578,2025-05-21 20:58:22.622230
1092,2022-12-27,20,577,2025-05-21 20:58:22.622230
1093,2022-12-28,20,576,2025-05-21 20:58:22.623230
1094,2022-12-29,20,577,2025-05-21 20:58:22.623230
1095,2022-12-30,20,577,2025-05-21 20:58:22.624230
1096,2022-12-31,20,579,2025-05-21 20:58:22.624230
1097,2023-01-01,20,580,2025-05-21 20:58:22.624230
1098,2023-01-02,20,581,2025-05-21 20:58:22.625229
1099,2023-01-03,20,582,2025-05-21 20:58:22.625229
1100,2023-01-04,20,583,2025-05-21 20:58:22.625229
1101,2023-01-05,20,585,2025-05-21 20:58:22.626231
1102,2023-01-06,20,585,2025-05-21 20:58:22.626231
1103,2023-01-07,20,584,2025-05-21 20:58:22.627230
1104,2023-01-08,20,583,2025-05-21 20:58:22.627230
1105,2023-01-09,20,583,2025-05-21 20:58:22.627230
1106,2023-01-10,20,582,2025-05-21 20:58:22.627230
1107,2023-01-11,20,582,2025-05-21 20:58:22.628734
1108,2023-01-12,20,582,2025-05-21 20:58:22.628734
1109,2023-01-13,20,580,2025-05-21 20:58:22.628734
1110,2023-01-14,20,582,2025-05-21 20:58:22.629741
1111,2023-01-15,20,582,2025-05-21 20:58:22.631136
1112,2023-01-16,20,582,2025-05-21 20:58:22.632140
1113,2023-01-17,20,581,2025-05-21 20:58:22.632140
1114,2023-01-18,20,582,2025-05-21 20:58:22.633141
1115,2023-01-19,20,582,2025-05-21 20:58:22.633141
1116,2023-01-20,20,582,2025-05-21 20:58:22.634143
1117,2023-01-21,20,582,2025-05-21 20:58:22.634143
1118,2023-01-22,20,582,2025-05-21 20:58:22.634143
1119,2023-01-23,20,582,2025-05-21 20:58:22.635142
1120,2023-01-24,20,582,2025-05-21 20:58:22.635142
1121,2023-01-25,20,582,2025-05-21 20:58:22.636141
1122,2023-01-26,20,583,2025-05-21 20:58:22.636141
1123,2023-01-27,20,583,2025-05-21 20:58:22.636141
1124,2023-01-28,20,582,2025-05-21 20:58:22.637144
1125,2023-01-29,20,582,2025-05-21 20:58:22.637144
1126,2023-01-30,20,582,2025-05-21 20:58:22.637144
1127,2023-01-31,20,582,2025-05-21 20:58:22.637144
1128,2023-02-01,20,581,2025-05-21 20:58:22.638651
1129,2023-02-02,20,581,2025-05-21 20:58:22.638651
1130,2023-02-03,20,583,2025-05-21 20:58:22.638651
1131,2023-02-04,20,584,2025-05-21 20:58:22.639659
1132,2023-02-05,20,583,2025-05-21 20:58:22.639659
1133,2023-02-06,20,583,2025-05-21 20:58:22.639659
1134,2023-02-07,20,583,2025-05-21 20:58:22.640656
1135,2023-02-08,20,584,2025-05-21 20:58:22.640656
1136,2023-02-09,20,585,2025-05-21 20:58:22.640656
1137,2023-02-10,21,587,2025-05-21 20:58:22.641657
1138,2023-02-11,21,588,2025-05-21 20:58:22.641657
1139,2023-02-12,21,589,2025-05-21 20:58:22.641657
1140,2023-02-13,21,590,2025-05-21 20:58:22.642662
1141,2023-02-14,21,591,2025-05-21 20:58:22.642662
1142,2023-02-15,21,591,2025-05-21 20:58:22.642662
1143,2023-02-16,21,593,2025-05-21 20:58:22.643658
1144,2023-02-17,21,595,2025-05-21 20:58:22.643658
1145,2023-02-18,21,596,2025-05-21 20:58:22.643658
1146,2023-02-19,21,597,2025-05-21 20:58:22.644655
1147,2023-02-20,21,597,2025-05-21 20:58:22.644655
1148,2023-02-21,21,597,2025-05-21 20:58:22.645761
1149,2023-02-22,21,597,2025-05-21 20:58:22.645761
1150,2023-02-23,21,597,2025-05-21 20:58:22.645761
1151,2023-02-24,21,597,2025-05-21 20:58:22.646931
1152,2023-02-25,21,597,2025-05-21 20:58:22.646931
1153,2023-02-26,21,598,2025-05-21 20:58:22.646931
1154,2023-02-27,21,598,2025-05-21 20:58:22.646931
1155,2023-02-28,21,599,2025-05-21 20:58:22.648437
1156,2023-03-01,21,599,2025-05-21 20:58:22.648437
1157,2023-03-02,21,598,2025-05-21 20:58:22.648437
1158,2023-03-03,21,599,2025-05-21 20:58:22.649947
1159,2023-03-04,21,597,2025-05-21 20:58:22.649947
1160,2023-03-05,21,597,2025-05-21 20:58:22.650955
1161,2023-03-06,21,596,2025-05-21 20:58:22.650955
1162,2023-03-07,21,596,2025-05-21 20:58:22.651954
1163,2023-03-08,21,596,2025-05-21 20:58:22.651954
1164,2023-03-09,21,597,2025-05-21 20:58:22.651954
1165,2023-03-10,21,596,2025-05-21 20:58:22.652953
1166,2023-03-11,21,598,2025-05-21 20:58:22.652953
1167,2023-03-12,21,599,2025-05-21 20:58:22.652953
1168,2023-03-13,21,599,2025-05-21 20:58:22.653953
1169,2023-03-14,21,599,2025-05-21 20:58:22.653953
1170,2023-03-15,21,599,2025-05-21 20:58:22.654954
1171,2023-03-16,21,600,2025-05-21 20:58:22.654954
1172,2023-03-17,21,600,2025-05-21 20:58:22.654954
1173,2023-03-18,21,601,2025-05-21 20:58:22.655955
1174,2023-03-19,21,601,2025-05-21 20:58:22.655955
1175,2023-03-20,21,600,2025-05-21 20:58:22.655955
1176,2023-03-21,21,602,2025-05-21 20:58:22.656953
1177,2023-03-22,21,602,2025-05-21 20:58:22.656953
1178,2023-03-23,21,602,2025-05-21 20:58:22.656953
1179,2023-03-24,22,605,2025-05-21 20:58:22.656953
1180,2023-03-25,22,607,2025-05-21 20:58:22.658457
1181,2023-03-26,22,606,2025-05-21 20:58:22.658457
1182,2023-03-27,22,605,2025-05-21 20:58:22.659463
1183,2023-03-28,22,605,2025-05-21 20:58:22.660796
1184,2023-03-29,22,606,2025-05-21 20:58:22.660796
1185,2023-03-30,22,608,2025-05-21 20:58:22.660796
1186,2023-03-31,22,608,2025-05-21 20:58:22.661805
1187,2023-04-01,22,608,2025-05-21 20:58:22.661805
1188,2023-04-02,22,608,2025-05-21 20:58:22.662807
1189,2023-04-03,22,608,2025-05-21 20:58:22.662807
1190,2023-04-04,22,608,2025-05-21 20:58:22.663807
1191,2023-04-05,22,608,2025-05-21 20:58:22.663807
1192,2023-04-06,22,608,2025-05-21 20:58:22.663807
1193,2023-04-07,22,608,2025-05-21 20:58:22.664805
1194,2023-04-08,22,608,2025-05-21 20:58:22.664805
1195,2023-04-09,22,607,2025-05-21 20:58:22.664805
1196,2023-04-10,22,608,2025-05-21 20:58:22.665804
1197,2023-04-11,23,612,2025-05-21 20:58:22.665804
1198,2023-04-12,23,612,2025-05-21 20:58:22.666803
1199,2023-04-13,23,613,2025-05-21 20:58:22.666803
1200,2023-04-14,23,613,2025-05-21 20:58:22.666803
1201,2023-04-15,23,614,2025-05-21 20:58:22.667803
1202,2023-04-16,23,614,2025-05-21 20:58:22.667803
1203,2023-04-17,23,615,2025-05-21 20:58:22.667803
1204,2023-04-18,23,616,2025-05-21 20:58:22.668806
1205,2023-04-19,23,616,2025-05-21 20:58:22.669310
1206,2023-04-20,23,617,2025-05-21 20:58:22.669310
1207,2023-04-21,23,617,2025-05-21 20:58:22.669310
1208,2023-04-22,23,617,2025-05-21 20:58:22.670311
1209,2023-04-23,23,617,2025-05-21 20:58:22.670311
1210,2023-04-24,23,617,2025-05-21 20:58:22.670311
1211,2023-04-25,23,618,2025-05-21 20:58:22.671313
1212,2023-04-26,23,620,2025-05-21 20:58:22.671313
1213,2023-04-27,23,622,2025-05-21 20:58:22.672313
1214,2023-04-28,23,621,2025-05-21 20:58:22.672313
1215,2023-04-29,23,624,2025-05-21 20:58:22.672313
1216,2023-04-30,23,624,2025-05-21 20:58:22.673313
1217,2023-05-01,23,625,2025-05-21 20:58:22.673313
1218,2023-05-02,24,626,2025-05-21 20:58:22.673313
1219,2023-05-03,24,628,2025-05-21 20:58:22.674314
1220,2023-05-04,24,628,2025-05-21 20:58:22.675315
1221,2023-05-05,24,628,2025-05-21 20:58:22.676313
1222,2023-05-06,24,628,2025-05-21 20:58:22.677313
1223,2023-05-07,24,629,2025-05-21 20:58:22.677313
1224,2023-05-08,24,631,2025-05-21 20:58:22.677313
1225,2023-05-09,24,632,2025-05-21 20:58:22.678819
1226,2023-05-10,24,631,2025-05-21 20:58:22.678819
1227,2023-05-11,24,630,2025-05-21 20:58:22.678819
1228,2023-05-12,25,633,2025-05-21 20:58:22.680262
1229,2023-05-13,25,634,2025-05-21 20:58:22.680262
1230,2023-05-14,25,635,2025-05-21 20:58:22.680262
1231,2023-05-15,25,635,2025-05-21 20:58:22.681271
1232,2023-05-16,25,635,2025-05-21 20:58:22.681271
1233,2023-05-17,25,635,2025-05-21 20:58:22.681271
1234,2023-05-18,25,636,2025-05-21 20:58:22.682623
1235,2023-05-19,25,637,2025-05-21 20:58:22.682623
1236,2023-05-20,25,637,2025-05-21 20:58:22.682623
1237,2023-05-21,25,637,2025-05-21 20:58:22.683630
1238,2023-05-22,25,638,2025-05-21 20:58:22.683630
1239,2023-05-23,25,640,2025-05-21 20:58:22.684630
1240,2023-05-24,25,641,2025-05-21 20:58:22.684630
1241,2023-05-25,25,642,2025-05-21 20:58:22.684630
1242,2023-05-26,25,645,2025-05-21 20:58:22.685628
1243,2023-05-27,25,645,2025-05-21 20:58:22.685628
1244,2023-05-28,25,645,2025-05-21 20:58:22.685628
1245,2023-05-29,26,646,2025-05-21 20:58:22.686629
1246,2023-05-30,26,647,2025-05-21 20:58:22.686629
1247,2023-05-31,26,648,2025-05-21 20:58:22.686629
1248,2023-06-01,26,649,2025-05-21 20:58:22.687630
1249,2023-06-02,26,649,2025-05-21 20:58:22.687630
1250,2023-06-03,26,650,2025-05-21 20:58:22.688633
1251,2023-06-04,26,650,2025-05-21 20:58:22.688633
1252,2023-06-05,26,650,2025-05-21 20:58:22.688633
1253,2023-06-06,26,650,2025-05-21 20:58:22.688633
1254,2023-06-07,26,650,2025-05-21 20:58:22.690014
1255,2023-06-08,26,651,2025-05-21 20:58:22.690014
1256,2023-06-09,26,651,2025-05-21 20:58:22.691021
1257,2023-06-10,26,650,2025-05-21 20:58:22.691021
1258,2023-06-11,26,651,2025-05-21 20:58:22.692022
1259,2023-06-12,27,652,2025-05-21 20:58:22.692022
1260,2023-06-13,27,653,2025-05-21 20:58:22.692022
1261,2023-06-14,27,654,2025-05-21 20:58:22.693019
1262,2023-06-15,27,654,2025-05-21 20:58:22.693019
1263,2023-06-16,27,655,2025-05-21 20:58:22.693019
1264,2023-06-17,27,655,2025-05-21 20:58:22.694022
1265,2023-06-18,28,656,2025-05-21 20:58:22.694022
1266,2023-06-19,28,655,2025-05-21 20:58:22.695022
1267,2023-06-20,28,655,2025-05-21 20:58:22.695022
1268,2023-06-21,28,658,2025-05-21 20:58:22.695022
1269,2023-06-22,28,658,2025-05-21 20:58:22.696018
1270,2023-06-23,28,658,2025-05-21 20:58:22.696018
1271,2023-06-24,28,658,2025-05-21 20:58:22.697103
1272,2023-06-25,28,658,2025-05-21 20:58:22.697103
1273,2023-06-26,28,658,2025-05-21 20:58:22.697103
1274,2023-06-27,28,659,2025-05-21 20:58:22.697103
1275,2023-06-28,28,659,2025-05-21 20:58:22.698608
1276,2023-06-29,28,659,2025-05-21 20:58:22.698608
1277,2023-06-30,28,660,2025-05-21 20:58:22.699688
1278,2023-07-01,28,662,2025-05-21 20:58:22.699688
1279,2023-07-02,28,662,2025-05-21 20:58:22.699688
1280,2023-07-03,28,663,2025-05-21 20:58:22.700694
1281,2023-07-04,28,663,2025-05-21 20:58:22.700694
1282,2023-07-05,28,663,2025-05-21 20:58:22.701700
1283,2023-07-06,28,663,2025-05-21 20:58:22.701700
1284,2023-07-07,28,663,2025-05-21 20:58:22.702694
1285,2023-07-08,28,664,2025-05-21 20:58:22.702694
1286,2023-07-09,28,664,2025-05-21 20:58:22.702694
1287,2023-07-10,28,664,2025-05-21 20:58:22.703692
1288,2023-07-11,28,664,2025-05-21 20:58:22.703692
1289,2023-07-12,28,664,2025-05-21 20:58:22.703692
1290,2023-07-13,28,663,2025-05-21 20:58:22.703692
1291,2023-07-14,28,664,2025-05-21 20:58:22.705203
1292,2023-07-15,28,664,2025-05-21 20:58:22.705203
1293,2023-07-16,28,665,2025-05-21 20:58:22.706649
1294,2023-07-17,28,664,2025-05-21 20:58:22.706649
1295,2023-07-18,28,664,2025-05-21 20:58:22.707656
1296,2023-07-19,28,663,2025-05-21 20:58:22.708658
1297,2023-07-20,28,665,2025-05-21 20:58:22.708658
1298,2023-07-21,28,665,2025-05-21 20:58:22.709791
1299,2023-07-22,28,665,2025-05-21 20:58:22.709791
1300,2023-07-23,28,666,2025-05-21 20:58:22.709791
1301,2023-07-24,28,666,2025-05-21 20:58:22.711175
1302,2023-07-25,28,666,2025-05-21 20:58:22.711175
1303,2023-07-26,28,666,2025-05-21 20:58:22.711175
1304,2023-07-27,28,667,2025-05-21 20:58:22.712179
1305,2023-07-28,28,669,2025-05-21 20:58:22.712179
1306,2023-07-29,28,668,2025-05-21 20:58:22.713234
1307,2023-07-30,28,670,2025-05-21 20:58:22.713234
1308,2023-07-31,28,672,2025-05-21 20:58:22.713234
1309,2023-08-01,28,673,2025-05-21 20:58:22.714633
1310,2023-08-02,28,674,2025-05-21 20:58:22.714633
1311,2023-08-03,28,675,2025-05-21 20:58:22.715642
1312,2023-08-04,28,675,2025-05-21 20:58:22.715642
1313,2023-08-05,28,676,2025-05-21 20:58:22.716640
1314,2023-08-06,28,677,2025-05-21 20:58:22.716640
1315,2023-08-07,28,677,2025-05-21 20:58:22.717642
1316,2023-08-08,28,677,2025-05-21 20:58:22.717642
1317,2023-08-09,28,677,2025-05-21 20:58:22.718645
1318,2023-08-10,28,678,2025-05-21 20:58:22.719150
1319,2023-08-11,28,679,2025-05-21 20:58:22.719150
1320,2023-08-12,28,679,2025-05-21 20:58:22.719150
1321,2023-08-13,28,680,2025-05-21 20:58:22.720155
1322,2023-08-14,28,681,2025-05-21 20:58:22.720155
1323,2023-08-15,28,682,2025-05-21 20:58:22.721161
1324,2023-08-16,28,682,2025-05-21 20:58:22.722162
1325,2023-08-17,28,687,2025-05-21 20:58:22.722162
1326,2023-08-18,28,687,2025-05-21 20:58:22.723162
1327,2023-08-19,28,688,2025-05-21 20:58:22.724161
1328,2023-08-20,27,686,2025-05-21 20:58:22.724161
1329,2023-08-21,27,687,2025-05-21 20:58:22.724161
1330,2023-08-22,27,687,2025-05-21 20:58:22.725160
1331,2023-08-23,27,687,2025-05-21 20:58:22.725160
1332,2023-08-24,27,687,2025-05-21 20:58:22.726164
1333,2023-08-25,28,688,2025-05-21 20:58:22.727166
1334,2023-08-26,28,689,2025-05-21 20:58:22.727166
1335,2023-08-27,28,688,2025-05-21 20:58:22.727166
1336,2023-08-28,28,689,2025-05-21 20:58:22.727166
1337,2023-08-29,28,689,2025-05-21 20:58:22.728672
1338,2023-08-30,28,689,2025-05-21 20:58:22.728672
1339,2023-08-31,28,689,2025-05-21 20:58:22.728672
1340,2023-09-01,28,688,2025-05-21 20:58:22.729678
1341,2023-09-02,28,688,2025-05-21 20:58:22.729678
1342,2023-09-03,28,688,2025-05-21 20:58:22.730680
1343,2023-09-04,28,689,2025-05-21 20:58:22.730680
1344,2023-09-05,28,692,2025-05-21 20:58:22.730680
1345,2023-09-06,28,692,2025-05-21 20:58:22.731685
1346,2023-09-07,28,692,2025-05-21 20:58:22.731685
1347,2023-09-08,28,693,2025-05-21 20:58:22.732684
1348,2023-09-09,28,693,2025-05-21 20:58:22.732684
1349,2023-09-10,28,693,2025-05-21 20:58:22.732684
1350,2023-09-11,28,694,2025-05-21 20:58:22.733685
1351,2023-09-12,28,694,2025-05-21 20:58:22.733685
1352,2023-09-13,28,694,2025-05-21 20:58:22.734687
1353,2023-09-14,28,694,2025-05-21 20:58:22.735686
1354,2023-09-15,28,694,2025-05-21 20:58:22.735686
1355,2023-09-16,28,694,2025-05-21 20:58:22.735686
1356,2023-09-17,28,698,2025-05-21 20:58:22.736685
1357,2023-09-18,29,699,2025-05-21 20:58:22.736685
1358,2023-09-19,29,700,2025-05-21 20:58:22.737687
1359,2023-09-20,29,700,2025-05-21 20:58:22.737687
1360,2023-09-21,29,700,2025-05-21 20:58:22.738685
1361,2023-09-22,29,700,2025-05-21 20:58:22.739193
1362,2023-09-23,29,700,2025-05-21 20:58:22.739193
1363,2023-09-24,29,700,2025-05-21 20:58:22.740199
1364,2023-09-25,29,700,2025-05-21 20:58:22.740199
1365,2023-09-26,29,702,2025-05-21 20:58:22.740199
1366,2023-09-27,29,701,2025-05-21 20:58:22.741204
1367,2023-09-28,29,700,2025-05-21 20:58:22.741204
1368,2023-09-29,29,700,2025-05-21 20:58:22.741204
1369,2023-09-30,29,700,2025-05-21 20:58:22.742204
1370,2023-10-01,29,700,2025-05-21 20:58:22.742204
1371,2023-10-02,29,700,2025-05-21 20:58:22.743206
1372,2023-10-03,29,700,2025-05-21 20:58:22.743206
1373,2023-10-04,29,701,2025-05-21 20:58:22.744206
1374,2023-10-05,29,702,2025-05-21 20:58:22.744206
1375,2023-10-06,29,702,2025-05-21 20:58:22.745206
1376,2023-10-07,29,703,2025-05-21 20:58:22.745206
1377,2023-10-08,29,702,2025-05-21 20:58:22.745206
1378,2023-10-09,29,702,2025-05-21 20:58:22.746204
1379,2023-10-10,29,703,2025-05-21 20:58:22.746204
1380,2023-10-11,29,704,2025-05-21 20:58:22.747206
1381,2023-10-12,29,704,2025-05-21 20:58:22.747206
1382,2023-10-13,29,704,2025-05-21 20:58:22.747206
1383,2023-10-14,29,707,2025-05-21 20:58:22.748713
1384,2023-10-15,29,708,2025-05-21 20:58:22.748713
1385,2023-10-16,29,708,2025-05-21 20:58:22.748713
1386,2023-10-17,29,708,2025-05-21 20:58:22.749719
1387,2023-10-18,29,709,2025-05-21 20:58:22.750223
1388,2023-10-19,29,709,2025-05-21 20:58:22.750223
1389,2023-10-20,29,710,2025-05-21 20:58:22.751231
1390,2023-10-21,29,710,2025-05-21 20:58:22.751231
1391,2023-10-22,29,711,2025-05-21 20:58:22.752230
1392,2023-10-23,29,709,2025-05-21 20:58:22.752230
1393,2023-10-24,29,710,2025-05-21 20:58:22.753492
1394,2023-10-25,29,709,2025-05-21 20:58:22.753492
1395,2023-10-26,29,709,2025-05-21 20:58:22.754496
1396,2023-10-27,29,709,2025-05-21 20:58:22.754496
1397,2023-10-28,29,710,2025-05-21 20:58:22.754496
1398,2023-10-29,29,711,2025-05-21 20:58:22.754496
1399,2023-10-30,29,712,2025-05-21 20:58:22.755915
1400,2023-10-31,29,711,2025-05-21 20:58:22.755915
1401,2023-11-01,30,713,2025-05-21 20:58:22.756922
1402,2023-11-02,30,714,2025-05-21 20:58:22.756922
1403,2023-11-03,30,714,2025-05-21 20:58:22.756922
1404,2023-11-04,30,714,2025-05-21 20:58:22.756922
1405,2023-11-05,30,715,2025-05-21 20:58:22.756922
1406,2023-11-06,30,715,2025-05-21 20:58:22.758427
1407,2023-11-07,30,714,2025-05-21 20:58:22.758427
1408,2023-11-08,30,714,2025-05-21 20:58:22.759434
1409,2023-11-09,30,714,2025-05-21 20:58:22.759434
1410,2023-11-10,30,715,2025-05-21 20:58:22.759434
1411,2023-11-11,30,715,2025-05-21 20:58:22.760431
1412,2023-11-12,30,715,2025-05-21 20:58:22.760431
1413,2023-11-13,30,716,2025-05-21 20:58:22.760431
1414,2023-11-14,30,716,2025-05-21 20:58:22.761437
1415,2023-11-15,30,716,2025-05-21 20:58:22.761437
1416,2023-11-16,30,717,2025-05-21 20:58:22.762438
1417,2023-11-17,30,717,2025-05-21 20:58:22.762438
1418,2023-11-18,29,716,2025-05-21 20:58:22.762438
1419,2023-11-19,29,717,2025-05-21 20:58:22.763437
1420,2023-11-20,29,717,2025-05-21 20:58:22.763437
1421,2023-11-21,29,718,2025-05-21 20:58:22.763437
1422,2023-11-22,29,720,2025-05-21 20:58:22.763437
1423,2023-11-23,29,721,2025-05-21 20:58:22.764927
1424,2023-11-24,29,722,2025-05-21 20:58:22.764927
1425,2023-11-25,29,723,2025-05-21 20:58:22.764927
1426,2023-11-26,29,723,2025-05-21 20:58:22.764927
1427,2023-11-27,29,724,2025-05-21 20:58:22.766179
1428,2023-11-28,29,724,2025-05-21 20:58:22.766179
1429,2023-11-29,29,726,2025-05-21 20:58:22.766179
1430,2023-11-30,29,726,2025-05-21 20:58:22.767192
1431,2023-12-01,29,727,2025-05-21 20:58:22.767192
1432,2023-12-02,29,728,2025-05-21 20:58:22.767192
1433,2023-12-03,29,729,2025-05-21 20:58:22.767192
1434,2023-12-04,29,730,2025-05-21 20:58:22.768696
1435,2023-12-05,29,730,2025-05-21 20:58:22.768696
1436,2023-12-06,29,732,2025-05-21 20:58:22.770121
1437,2023-12-07,29,733,2025-05-21 20:58:22.770121
1438,2023-12-08,29,735,2025-05-21 20:58:22.770121
1439,2023-12-09,29,735,2025-05-21 20:58:22.771491
1440,2023-12-10,29,735,2025-05-21 20:58:22.771491
1441,2023-12-11,29,735,2025-05-21 20:58:22.771491
1442,2023-12-12,29,736,2025-05-21 20:58:22.772602
1443,2023-12-13,29,736,2025-05-21 20:58:22.772602
1444,2023-12-14,29,736,2025-05-21 20:58:22.772602
1445,2023-12-15,29,737,2025-05-21 20:58:22.772602
1446,2023-12-16,29,736,2025-05-21 20:58:22.773957
1447,2023-12-17,29,736,2025-05-21 20:58:22.773957
1448,2023-12-18,29,736,2025-05-21 20:58:22.773957
1449,2023-12-19,29,736,2025-05-21 20:58:22.774982
1450,2023-12-20,29,736,2025-05-21 20:58:22.774982
1451,2023-12-21,29,736,2025-05-21 20:58:22.774982
1452,2023-12-22,29,736,2025-05-21 20:58:22.776097
1453,2023-12-23,29,736,2025-05-21 20:58:22.776097
1454,2023-12-24,29,736,2025-05-21 20:58:22.777104
1455,2023-12-25,29,737,2025-05-21 20:58:22.777104
1456,2023-12-26,29,738,2025-05-21 20:58:22.777104
1457,2023-12-27,29,737,2025-05-21 20:58:22.777104
1458,2023-12-28,29,737,2025-05-21 20:58:22.778467
1459,2023-12-29,29,737,2025-05-21 20:58:22.778467
1460,2023-12-30,29,737,2025-05-21 20:58:22.778467
1461,2023-12-31,29,738,2025-05-21 20:58:22.779859
1462,2024-01-01,29,739,2025-05-21 20:58:22.780364
1463,2024-01-02,29,739,2025-05-21 20:58:22.780364
1464,2024-01-03,29,740,2025-05-21 20:58:22.780364
1465,2024-01-04,29,740,2025-05-21 20:58:22.781439
1466,2024-01-05,29,740,2025-05-21 20:58:22.781439
1467,2024-01-06,29,741,2025-05-21 20:58:22.782443
1468,2024-01-07,29,740,2025-05-21 20:58:22.782443
1469,2024-01-08,29,738,2025-05-21 20:58:22.782443
1470,2024-01-09,29,737,2025-05-21 20:58:22.783444
1471,2024-01-10,28,735,2025-05-21 20:58:22.783444
1472,2024-01-11,28,735,2025-05-21 20:58:22.783444
1473,2024-01-12,28,737,2025-05-21 20:58:22.784869
1474,2024-01-13,28,739,2025-05-21 20:58:22.784869
1475,2024-01-14,28,741,2025-05-21 20:58:22.785880
1476,2024-01-15,28,740,2025-05-21 20:58:22.785880
1477,2024-01-16,28,739,2025-05-21 20:58:22.785880
1478,2024-01-17,27,739,2025-05-21 20:58:22.786874
1479,2024-01-18,27,739,2025-05-21 20:58:22.786874
1480,2024-01-19,27,738,2025-05-21 20:58:22.786874
1481,2024-01-20,27,738,2025-05-21 20:58:22.788379
1482,2024-01-21,27,738,2025-05-21 20:58:22.788379
1483,2024-01-22,27,739,2025-05-21 20:58:22.788379
1484,2024-01-23,27,739,2025-05-21 20:58:22.789845
1485,2024-01-24,27,739,2025-05-21 20:58:22.789845
1486,2024-01-25,27,738,2025-05-21 20:58:22.789845
1487,2024-01-26,27,738,2025-05-21 20:58:22.790852
1488,2024-01-27,27,739,2025-05-21 20:58:22.790852
1489,2024-01-28,27,739,2025-05-21 20:58:22.791853
1490,2024-01-29,27,739,2025-05-21 20:58:22.791853
1491,2024-01-30,27,739,2025-05-21 20:58:22.792853
1492,2024-01-31,27,739,2025-05-21 20:58:22.792853
1493,2024-02-01,27,739,2025-05-21 20:58:22.792853
1494,2024-02-02,27,740,2025-05-21 20:58:22.794043
1495,2024-02-03,27,741,2025-05-21 20:58:22.794043
1496,2024-02-04,27,741,2025-05-21 20:58:22.795050
1497,2024-02-05,27,741,2025-05-21 20:58:22.795050
1498,2024-02-06,27,742,2025-05-21 20:58:22.795050
1499,2024-02-07,27,742,2025-05-21 20:58:22.796049
1500,2024-02-08,27,743,2025-05-21 20:58:22.796049
1501,2024-02-09,27,742,2025-05-21 20:58:22.796049
1502,2024-02-10,27,742,2025-05-21 20:58:22.796049
1503,2024-02-11,26,741,2025-05-21 20:58:22.797509
1504,2024-02-12,26,742,2025-05-21 20:58:22.797509
1505,2024-02-13,26,741,2025-05-21 20:58:22.798517
1506,2024-02-14,26,741,2025-05-21 20:58:22.798517
1507,2024-02-15,26,741,2025-05-21 20:58:22.798517
1508,2024-02-16,26,741,2025-05-21 20:58:22.799524
1509,2024-02-17,26,742,2025-05-21 20:58:22.799524
1510,2024-02-18,26,741,2025-05-21 20:58:22.800848
1511,2024-02-19,26,742,2025-05-21 20:58:22.800848
1512,2024-02-20,26,742,2025-05-21 20:58:22.801854
1513,2024-02-21,26,742,2025-05-21 20:58:22.801854
1514,2024-02-22,26,741,2025-05-21 20:58:22.801854
1515,2024-02-23,26,740,2025-05-21 20:58:22.802857
1516,2024-02-24,26,740,2025-05-21 20:58:22.802857
1517,2024-02-25,26,740,2025-05-21 20:58:22.803854
1518,2024-02-26,26,739,2025-05-21 20:58:22.803854
1519,2024-02-27,26,739,2025-05-21 20:58:22.803854
1520,2024-02-28,26,739,2025-05-21 20:58:22.804854
1521,2024-02-29,26,739,2025-05-21 20:58:22.804854
1522,2024-03-01,26,739,2025-05-21 20:58:22.805854
1523,2024-03-02,26,739,2025-05-21 20:58:22.805854
1524,2024-03-03,26,741,2025-05-21 20:58:22.805854
1525,2024-03-04,26,742,2025-05-21 20:58:22.806855
1526,2024-03-05,26,741,2025-05-21 20:58:22.806855
1527,2024-03-06,27,743,2025-05-21 20:58:22.806855
1528,2024-03-07,27,743,2025-05-21 20:58:22.806855
1529,2024-03-08,27,744,2025-05-21 20:58:22.808359
1530,2024-03-09,27,745,2025-05-21 20:58:22.808359
1531,2024-03-10,27,745,2025-05-21 20:58:22.809366
1532,2024-03-11,27,747,2025-05-21 20:58:22.809366
1533,2024-03-12,27,747,2025-05-21 20:58:22.809366
1534,2024-03-13,27,746,2025-05-21 20:58:22.810366
1535,2024-03-14,27,747,2025-05-21 20:58:22.810366
1536,2024-03-15,27,748,2025-05-21 20:58:22.811364
1537,2024-03-16,27,747,2025-05-21 20:58:22.811364
1538,2024-03-17,27,748,2025-05-21 20:58:22.811364
1539,2024-03-18,27,749,2025-05-21 20:58:22.812368
1540,2024-03-19,27,750,2025-05-21 20:58:22.812368
1541,2024-03-20,27,751,2025-05-21 20:58:22.812368
1542,2024-03-21,27,751,2025-05-21 20:58:22.813365
1543,2024-03-22,27,751,2025-05-21 20:58:22.813365
1544,2024-03-23,27,751,2025-05-21 20:58:22.813365
1545,2024-03-24,27,751,2025-05-21 20:58:22.814367
1546,2024-03-25,27,751,2025-05-21 20:58:22.815365
1547,2024-03-26,27,752,2025-05-21 20:58:22.815365
1548,2024-03-27,27,752,2025-05-21 20:58:22.815365
1549,2024-03-28,27,752,2025-05-21 20:58:22.816430
1550,2024-03-29,27,752,2025-05-21 20:58:22.816430
1551,2024-03-30,27,753,2025-05-21 20:58:22.817429
1552,2024-03-31,27,752,2025-05-21 20:58:22.817429
1553,2024-04-01,27,753,2025-05-21 20:58:22.817429
1554,2024-04-02,27,754,2025-05-21 20:58:22.818432
1555,2024-04-03,27,754,2025-05-21 20:58:22.818432
1556,2024-04-04,27,756,2025-05-21 20:58:22.818432
1557,2024-04-05,27,757,2025-05-21 20:58:22.818432
1558,2024-04-06,27,760,2025-05-21 20:58:22.819796
1559,2024-04-07,27,760,2025-05-21 20:58:22.819796
1560,2024-04-08,27,761,2025-05-21 20:58:22.819796
1561,2024-04-09,27,760,2025-05-21 20:58:22.820799
1562,2024-04-10,27,760,2025-05-21 20:58:22.820799
1563,2024-04-11,27,760,2025-05-21 20:58:22.821802
1564,2024-04-12,27,759,2025-05-21 20:58:22.821802
1565,2024-04-13,27,760,2025-05-21 20:58:22.821802
1566,2024-04-14,27,760,2025-05-21 20:58:22.822797
1567,2024-04-15,27,760,2025-05-21 20:58:22.822797
1568,2024-04-16,27,759,2025-05-21 20:58:22.822797
1569,2024-04-17,27,762,2025-05-21 20:58:22.823796
1570,2024-04-18,27,763,2025-05-21 20:58:22.823796
1571,2024-04-19,27,766,2025-05-21 20:58:22.823796
1572,2024-04-20,27,766,2025-05-21 20:58:22.824796
1573,2024-04-21,27,766,2025-05-21 20:58:22.824796
1574,2024-04-22,27,766,2025-05-21 20:58:22.824796
1575,2024-04-23,27,767,2025-05-21 20:58:22.825801
1576,2024-04-24,27,767,2025-05-21 20:58:22.825801
1577,2024-04-25,27,768,2025-05-21 20:58:22.826798
1578,2024-04-26,27,768,2025-05-21 20:58:22.826798
1579,2024-04-27,27,767,2025-05-21 20:58:22.826798
1580,2024-04-28,27,768,2025-05-21 20:58:22.827796
1581,2024-04-29,28,768,2025-05-21 20:58:22.827796
1582,2024-04-30,28,768,2025-05-21 20:58:22.827796
1583,2024-05-01,28,768,2025-05-21 20:58:22.828797
1584,2024-05-02,28,768,2025-05-21 20:58:22.828797
1585,2024-05-03,28,769,2025-05-21 20:58:22.828797
1586,2024-05-04,28,769,2025-05-21 20:58:22.829913
1587,2024-05-05,28,770,2025-05-21 20:58:22.829913
1588,2024-05-06,28,770,2025-05-21 20:58:22.830911
1589,2024-05-07,28,769,2025-05-21 20:58:22.830911
1590,2024-05-08,28,768,2025-05-21 20:58:22.831915
1591,2024-05-09,28,767,2025-05-21 20:58:22.831915
1592,2024-05-10,28,768,2025-05-21 20:58:22.831915
1593,2024-05-11,28,770,2025-05-21 20:58:22.832916
1594,2024-05-12,28,770,2025-05-21 20:58:22.832916
1595,2024-05-13,28,768,2025-05-21 20:58:22.833921
1596,2024-05-14,28,768,2025-05-21 20:58:22.833921
1597,2024-05-15,28,768,2025-05-21 20:58:22.833921
1598,2024-05-16,28,768,2025-05-21 20:58:22.834919
1599,2024-05-17,28,767,2025-05-21 20:58:22.834919
1600,2024-05-18,28,767,2025-05-21 20:58:22.834919
1601,2024-05-19,28,769,2025-05-21 20:58:22.835916
1602,2024-05-20,28,769,2025-05-21 20:58:22.835916
1603,2024-05-21,28,770,2025-05-21 20:58:22.835916
1604,2024-05-22,28,770,2025-05-21 20:58:22.836916
1605,2024-05-23,28,771,2025-05-21 20:58:22.836916
1606,2024-05-24,28,773,2025-05-21 20:58:22.836916
1607,2024-05-25,28,773,2025-05-21 20:58:22.836916
1608,2024-05-26,28,772,2025-05-21 20:58:22.838426
1609,2024-05-27,28,772,2025-05-21 20:58:22.838426
1610,2024-05-28,28,773,2025-05-21 20:58:22.838426
1611,2024-05-29,28,774,2025-05-21 20:58:22.839433
1612,2024-05-30,28,776,2025-05-21 20:58:22.839433
1613,2024-05-31,28,777,2025-05-21 20:58:22.840431
1614,2024-06-01,28,777,2025-05-21 20:58:22.840431
1615,2024-06-02,28,776,2025-05-21 20:58:22.840431
1616,2024-06-03,28,776,2025-05-21 20:58:22.840431
1617,2024-06-04,28,778,2025-05-21 20:58:22.841826
1618,2024-06-05,28,777,2025-05-21 20:58:22.841826
1619,2024-06-06,28,778,2025-05-21 20:58:22.841826
1620,2024-06-07,28,779,2025-05-21 20:58:22.842835
1621,2024-06-08,28,779,2025-05-21 20:58:22.842835
1622,2024-06-09,28,778,2025-05-21 20:58:22.843832
1623,2024-06-10,28,778,2025-05-21 20:58:22.843832
1624,2024-06-11,28,778,2025-05-21 20:58:22.843832
1625,2024-06-12,28,779,2025-05-21 20:58:22.844832
1626,2024-06-13,28,779,2025-05-21 20:58:22.844832
1627,2024-06-14,28,779,2025-05-21 20:58:22.844832
1628,2024-06-15,28,779,2025-05-21 20:58:22.845833
1629,2024-06-16,28,777,2025-05-21 20:58:22.846836
1630,2024-06-17,29,778,2025-05-21 20:58:22.846836
1631,2024-06-18,29,778,2025-05-21 20:58:22.846836
1632,2024-06-19,29,778,2025-05-21 20:58:22.846836
1633,2024-06-20,29,779,2025-05-21 20:58:22.848342
1634,2024-06-21,29,779,2025-05-21 20:58:22.848342
1635,2024-06-22,29,779,2025-05-21 20:58:22.848342
1636,2024-06-23,29,779,2025-05-21 20:58:22.848342
1637,2024-06-24,29,780,2025-05-21 20:58:22.849866
1638,2024-06-25,29,780,2025-05-21 20:58:22.849866
1639,2024-06-26,29,780,2025-05-21 20:58:22.850871
1640,2024-06-27,29,780,2025-05-21 20:58:22.850871
1641,2024-06-28,29,780,2025-05-21 20:58:22.851875
1642,2024-06-29,29,779,2025-05-21 20:58:22.851875
1643,2024-06-30,29,779,2025-05-21 20:58:22.851875
1644,2024-07-01,29,779,2025-05-21 20:58:22.852870
1645,2024-07-02,29,779,2025-05-21 20:58:22.852870
1646,2024-07-03,29,779,2025-05-21 20:58:22.852870
1647,2024-07-04,29,780,2025-05-21 20:58:22.854217
1648,2024-07-05,29,780,2025-05-21 20:58:22.854217
1649,2024-07-06,29,781,2025-05-21 20:58:22.854217
1650,2024-07-07,29,781,2025-05-21 20:58:22.854217
1651,2024-07-08,29,780,2025-05-21 20:58:22.855672
1652,2024-07-09,29,780,2025-05-21 20:58:22.855672
1653,2024-07-10,29,779,2025-05-21 20:58:22.856895
1654,2024-07-11,29,779,2025-05-21 20:58:22.856895
1655,2024-07-12,29,780,2025-05-21 20:58:22.856895
1656,2024-07-13,29,780,2025-05-21 20:58:22.856895
1657,2024-07-14,29,780,2025-05-21 20:58:22.858401
1658,2024-07-15,29,779,2025-05-21 20:58:22.858401
1659,2024-07-16,29,780,2025-05-21 20:58:22.858401
1660,2024-07-17,29,780,2025-05-21 20:58:22.859413
1661,2024-07-18,29,780,2025-05-21 20:58:22.859413
1662,2024-07-19,29,780,2025-05-21 20:58:22.859413
1663,2024-07-20,29,780,2025-05-21 20:58:22.860408
1664,2024-07-21,29,780,2025-05-21 20:58:22.860408
1665,2024-07-22,29,781,2025-05-21 20:58:22.861406
1666,2024-07-23,29,782,2025-05-21 20:58:22.861406
1667,2024-07-24,29,782,2025-05-21 20:58:22.862407
1668,2024-07-25,29,783,2025-05-21 20:58:22.862407
1669,2024-07-26,29,783,2025-05-21 20:58:22.862407
1670,2024-07-27,29,784,2025-05-21 20:58:22.863446
1671,2024-07-28,29,785,2025-05-21 20:58:22.863446
1672,2024-07-29,29,784,2025-05-21 20:58:22.864461
1673,2024-07-30,29,784,2025-05-21 20:58:22.864461
1674,2024-07-31,29,784,2025-05-21 20:58:22.865788
1675,2024-08-01,29,785,2025-05-21 20:58:22.865788
1676,2024-08-02,29,785,2025-05-21 20:58:22.865788
1677,2024-08-03,29,785,2025-05-21 20:58:22.866794
1678,2024-08-04,29,785,2025-05-21 20:58:22.866794
1679,2024-08-05,29,788,2025-05-21 20:58:22.867798
1680,2024-08-06,29,788,2025-05-21 20:58:22.867798
1681,2024-08-07,29,788,2025-05-21 20:58:22.868794
1682,2024-08-08,29,787,2025-05-21 20:58:22.868794
1683,2024-08-09,29,788,2025-05-21 20:58:22.868794
1684,2024-08-10,29,789,2025-05-21 20:58:22.868794
1685,2024-08-11,29,789,2025-05-21 20:58:22.870010
1686,2024-08-12,29,789,2025-05-21 20:58:22.870010
1687,2024-08-13,29,791,2025-05-21 20:58:22.871017
1688,2024-08-14,29,790,2025-05-21 20:58:22.871017
1689,2024-08-15,29,790,2025-05-21 20:58:22.871017
1690,2024-08-16,28,789,2025-05-21 20:58:22.872015
1691,2024-08-17,28,788,2025-05-21 20:58:22.872015
1692,2024-08-18,28,788,2025-05-21 20:58:22.873010
1693,2024-08-19,28,788,2025-05-21 20:58:22.873010
1694,2024-08-20,28,788,2025-05-21 20:58:22.873010
1695,2024-08-21,28,789,2025-05-21 20:58:22.874011
1696,2024-08-22,28,788,2025-05-21 20:58:22.874011
1697,2024-08-23,28,788,2025-05-21 20:58:22.874011
1698,2024-08-24,28,789,2025-05-21 20:58:22.875010
1699,2024-08-25,28,790,2025-05-21 20:58:22.875010
1700,2024-08-26,27,791,2025-05-21 20:58:22.876259
1701,2024-08-27,27,791,2025-05-21 20:58:22.876259
1702,2024-08-28,27,791,2025-05-21 20:58:22.877266
1703,2024-08-29,27,790,2025-05-21 20:58:22.878773
1704,2024-08-30,27,790,2025-05-21 20:58:22.878773
1705,2024-08-31,27,791,2025-05-21 20:58:22.879878
1706,2024-09-01,27,791,2025-05-21 20:58:22.879878
1707,2024-09-02,27,791,2025-05-21 20:58:22.879878
1708,2024-09-03,27,790,2025-05-21 20:58:22.881220
1709,2024-09-04,28,792,2025-05-21 20:58:22.881220
1710,2024-09-05,28,793,2025-05-21 20:58:22.882238
1711,2024-09-06,28,792,2025-05-21 20:58:22.882238
1712,2024-09-07,28,793,2025-05-21 20:58:22.882238
1713,2024-09-08,28,793,2025-05-21 20:58:22.883239
1714,2024-09-09,28,793,2025-05-21 20:58:22.883239
1715,2024-09-10,28,793,2025-05-21 20:58:22.884383
1716,2024-09-11,28,793,2025-05-21 20:58:22.885392
1717,2024-09-12,28,793,2025-05-21 20:58:22.885392
1718,2024-09-13,28,794,2025-05-21 20:58:22.885392
1719,2024-09-14,28,795,2025-05-21 20:58:22.886412
1720,2024-09-15,28,795,2025-05-21 20:58:22.886412
1721,2024-09-16,28,795,2025-05-21 20:58:22.886412
1722,2024-09-17,28,795,2025-05-21 20:58:22.887412
1723,2024-09-18,28,794,2025-05-21 20:58:22.887412
1724,2024-09-19,27,793,2025-05-21 20:58:22.888411
1725,2024-09-20,27,794,2025-05-21 20:58:22.888921
1726,2024-09-21,27,795,2025-05-21 20:58:22.888921
1727,2024-09-22,27,796,2025-05-21 20:58:22.888921
1728,2024-09-23,27,796,2025-05-21 20:58:22.890239
1729,2024-09-24,27,796,2025-05-21 20:58:22.890239
1730,2024-09-25,27,796,2025-05-21 20:58:22.891252
1731,2024-09-26,27,797,2025-05-21 20:58:22.891252
1732,2024-09-27,27,795,2025-05-21 20:58:22.892252
1733,2024-09-28,27,797,2025-05-21 20:58:22.892252
1734,2024-09-29,27,798,2025-05-21 20:58:22.893252
1735,2024-09-30,27,799,2025-05-21 20:58:22.894253
1736,2024-10-01,27,799,2025-05-21 20:58:22.894253
1737,2024-10-02,27,798,2025-05-21 20:58:22.894253
1738,2024-10-03,27,798,2025-05-21 20:58:22.895251
1739,2024-10-04,27,800,2025-05-21 20:58:22.895251
1740,2024-10-05,27,800,2025-05-21 20:58:22.895251
1741,2024-10-06,27,802,2025-05-21 20:58:22.896604
1742,2024-10-07,27,804,2025-05-21 20:58:22.896604
1743,2024-10-08,27,805,2025-05-21 20:58:22.898055
1744,2024-10-09,27,806,2025-05-21 20:58:22.898563
1745,2024-10-10,27,806,2025-05-21 20:58:22.898563
1746,2024-10-11,27,808,2025-05-21 20:58:22.898563
1747,2024-10-12,27,807,2025-05-21 20:58:22.899570
1748,2024-10-13,27,808,2025-05-21 20:58:22.899570
1749,2024-10-14,27,807,2025-05-21 20:58:22.900572
1750,2024-10-15,27,807,2025-05-21 20:58:22.900572
1751,2024-10-16,27,807,2025-05-21 20:58:22.900572
1752,2024-10-17,27,808,2025-05-21 20:58:22.901573
1753,2024-10-18,27,808,2025-05-21 20:58:22.901573
1754,2024-10-19,27,806,2025-05-21 20:58:22.902574
1755,2024-10-20,27,807,2025-05-21 20:58:22.902574
1756,2024-10-21,27,806,2025-05-21 20:58:22.903572
1757,2024-10-22,27,806,2025-05-21 20:58:22.903572
1758,2024-10-23,27,805,2025-05-21 20:58:22.903572
1759,2024-10-24,27,806,2025-05-21 20:58:22.904570
1760,2024-10-25,27,807,2025-05-21 20:58:22.904570
1761,2024-10-26,27,809,2025-05-21 20:58:22.905574
1762,2024-10-27,27,810,2025-05-21 20:58:22.905574
1763,2024-10-28,27,810,2025-05-21 20:58:22.906574
1764,2024-10-29,27,809,2025-05-21 20:58:22.906574
1765,2024-10-30,27,809,2025-05-21 20:58:22.906574
1766,2024-10-31,27,809,2025-05-21 20:58:22.907570
1767,2024-11-01,27,811,2025-05-21 20:58:22.908570
1768,2024-11-02,27,812,2025-05-21 20:58:22.908570
1769,2024-11-03,27,813,2025-05-21 20:58:22.910034
1770,2024-11-04,27,813,2025-05-21 20:58:22.910034
1771,2024-11-05,27,814,2025-05-21 20:58:22.910034
1772,2024-11-06,27,814,2025-05-21 20:58:22.911040
1773,2024-11-07,27,814,2025-05-21 20:58:22.911040
1774,2024-11-08,27,813,2025-05-21 20:58:22.912040
1775,2024-11-09,27,813,2025-05-21 20:58:22.912040
1776,2024-11-10,27,814,2025-05-21 20:58:22.912040
1777,2024-11-11,27,817,2025-05-21 20:58:22.912040
1778,2024-11-12,27,816,2025-05-21 20:58:22.913390
1779,2024-11-13,27,817,2025-05-21 20:58:22.913390
1780,2024-11-14,27,817,2025-05-21 20:58:22.914400
1781,2024-11-15,27,817,2025-05-21 20:58:22.914400
1782,2024-11-16,27,816,2025-05-21 20:58:22.914400
1783,2024-11-17,28,817,2025-05-21 20:58:22.915397
1784,2024-11-18,28,818,2025-05-21 20:58:22.915397
1785,2024-11-19,28,819,2025-05-21 20:58:22.915397
1786,2024-11-20,28,819,2025-05-21 20:58:22.916398
1787,2024-11-21,28,818,2025-05-21 20:58:22.916398
1788,2024-11-22,28,818,2025-05-21 20:58:22.917403
1789,2024-11-23,28,817,2025-05-21 20:58:22.917403
1790,2024-11-24,28,818,2025-05-21 20:58:22.917403
1791,2024-11-25,28,818,2025-05-21 20:58:22.918399
1792,2024-11-26,28,820,2025-05-21 20:58:22.918399
1793,2024-11-27,28,820,2025-05-21 20:58:22.918903
1794,2024-11-28,28,820,2025-05-21 20:58:22.918903
1795,2024-11-29,28,820,2025-05-21 20:58:22.919908
1796,2024-11-30,28,822,2025-05-21 20:58:22.919908
1797,2024-12-01,29,824,2025-05-21 20:58:22.919908
1798,2024-12-02,29,825,2025-05-21 20:58:22.920906
1799,2024-12-03,29,824,2025-05-21 20:58:22.920906
1800,2024-12-04,29,826,2025-05-21 20:58:22.920906
1801,2024-12-05,29,827,2025-05-21 20:58:22.922299
1802,2024-12-06,29,827,2025-05-21 20:58:22.922299
1803,2024-12-07,29,826,2025-05-21 20:58:22.922299
1804,2024-12-08,29,825,2025-05-21 20:58:22.923303
1805,2024-12-09,29,825,2025-05-21 20:58:22.923303
1806,2024-12-10,29,825,2025-05-21 20:58:22.924303
1807,2024-12-11,29,825,2025-05-21 20:58:22.924303
1808,2024-12-12,29,825,2025-05-21 20:58:22.924303
1809,2024-12-13,29,825,2025-05-21 20:58:22.925370
1810,2024-12-14,29,825,2025-05-21 20:58:22.925370
1811,2024-12-15,29,825,2025-05-21 20:58:22.926371
1812,2024-12-16,29,825,2025-05-21 20:58:22.926371
1813,2024-12-17,29,825,2025-05-21 20:58:22.926371
1814,2024-12-18,29,825,2025-05-21 20:58:22.927369
1815,2024-12-19,29,826,2025-05-21 20:58:22.927369
1816,2024-12-20,29,826,2025-05-21 20:58:22.927369
1817,2024-12-21,29,826,2025-05-21 20:58:22.928368
1818,2024-12-22,29,826,2025-05-21 20:58:22.928368
1819,2024-12-23,29,827,2025-05-21 20:58:22.928368
1820,2024-12-24,29,827,2025-05-21 20:58:22.929488
1821,2024-12-25,29,828,2025-05-21 20:58:22.929488
1822,2024-12-26,29,828,2025-05-21 20:58:22.930487
1823,2024-12-27,29,827,2025-05-21 20:58:22.930487
1824,2024-12-28,29,828,2025-05-21 20:58:22.930487
1825,2024-12-29,29,829,2025-05-21 20:58:22.931486
1826,2024-12-30,29,830,2025-05-21 20:58:22.931486
1827,2024-12-31,29,830,2025-05-21 20:58:22.931486
1828,2025-01-01,29,831,2025-05-21 20:58:22.932485
1829,2025-01-02,29,831,2025-05-21 20:58:22.932485
1830,2025-01-03,29,832,2025-05-21 20:58:22.932485
1831,2025-01-04,29,832,2025-05-21 20:58:22.933489
1832,2025-01-05,29,831,2025-05-21 20:58:22.933489
1833,2025-01-06,29,830,2025-05-21 20:58:22.934734
1834,2025-01-07,29,830,2025-05-21 20:58:22.934734
1835,2025-01-08,29,831,2025-05-21 20:58:22.934734
1836,2025-01-09,29,834,2025-05-21 20:58:22.935738
1837,2025-01-10,29,835,2025-05-21 20:58:22.935738
1838,2025-01-11,29,835,2025-05-21 20:58:22.935738
1839,2025-01-12,29,836,2025-05-21 20:58:22.936739
1840,2025-01-13,29,836,2025-05-21 20:58:22.936739
1841,2025-01-14,29,837,2025-05-21 20:58:22.936739
1842,2025-01-15,29,836,2025-05-21 20:58:22.937742
1843,2025-01-16,29,836,2025-05-21 20:58:22.937742
1844,2025-01-17,29,837,2025-05-21 20:58:22.938740
1845,2025-01-18,29,837,2025-05-21 20:58:22.938740
1846,2025-01-19,29,837,2025-05-21 20:58:22.939779
1847,2025-01-20,29,837,2025-05-21 20:58:22.939779
1848,2025-01-21,29,837,2025-05-21 20:58:22.940785
1849,2025-01-22,29,837,2025-05-21 20:58:22.940785
1850,2025-01-23,30,837,2025-05-21 20:58:22.940785
1851,2025-01-24,30,836,2025-05-21 20:58:22.941784
1852,2025-01-25,30,836,2025-05-21 20:58:22.941784
1853,2025-01-26,30,836,2025-05-21 20:58:22.941784
1854,2025-01-27,30,836,2025-05-21 20:58:22.943272
1855,2025-01-28,30,836,2025-05-21 20:58:22.943272
1856,2025-01-29,30,836,2025-05-21 20:58:22.944427
1857,2025-01-30,30,838,2025-05-21 20:58:22.944427
1858,2025-01-31,30,839,2025-05-21 20:58:22.944427
1859,2025-02-01,30,839,2025-05-21 20:58:22.945431
1860,2025-02-02,30,840,2025-05-21 20:58:22.945431
1861,2025-02-03,30,842,2025-05-21 20:58:22.945431
1862,2025-02-04,30,842,2025-05-21 20:58:22.946749
1863,2025-02-05,30,842,2025-05-21 20:58:22.946749
1864,2025-02-06,30,842,2025-05-21 20:58:22.947759
1865,2025-02-07,30,842,2025-05-21 20:58:22.947759
1866,2025-02-08,30,841,2025-05-21 20:58:22.947759
1867,2025-02-09,30,841,2025-05-21 20:58:22.948753
1868,2025-02-10,30,841,2025-05-21 20:58:22.948753
1869,2025-02-11,30,840,2025-05-21 20:58:22.949826
1870,2025-02-12,30,840,2025-05-21 20:58:22.949826
1871,2025-02-13,30,840,2025-05-21 20:58:22.949826
1872,2025-02-14,30,840,2025-05-21 20:58:22.951105
1873,2025-02-15,30,841,2025-05-21 20:58:22.952114
1874,2025-02-16,30,841,2025-05-21 20:58:22.952114
1875,2025-02-17,30,841,2025-05-21 20:58:22.952114
1876,2025-02-18,31,842,2025-05-21 20:58:22.953512
1877,2025-02-19,31,842,2025-05-21 20:58:22.953512
1878,2025-02-20,31,840,2025-05-21 20:58:22.954926
1879,2025-02-21,31,844,2025-05-21 20:58:22.954926
1880,2025-02-22,31,845,2025-05-21 20:58:22.956271
1881,2025-02-23,31,846,2025-05-21 20:58:22.957279
1882,2025-02-24,31,846,2025-05-21 20:58:22.957279
1883,2025-02-25,31,850,2025-05-21 20:58:22.957279
1884,2025-02-26,31,851,2025-05-21 20:58:22.957279
1885,2025-02-27,31,851,2025-05-21 20:58:22.958784
1886,2025-02-28,31,851,2025-05-21 20:58:22.958784
1887,2025-03-01,31,851,2025-05-21 20:58:22.959790
1888,2025-03-02,31,851,2025-05-21 20:58:22.960791
1889,2025-03-03,31,852,2025-05-21 20:58:22.960791
1890,2025-03-04,32,851,2025-05-21 20:58:22.961791
1891,2025-03-05,32,851,2025-05-21 20:58:22.961791
1892,2025-03-06,32,851,2025-05-21 20:58:22.962793
1893,2025-03-07,32,850,2025-05-21 20:58:22.962793
1894,2025-03-08,32,848,2025-05-21 20:58:22.964231
1895,2025-03-09,32,848,2025-05-21 20:58:22.964231
1896,2025-03-10,32,847,2025-05-21 20:58:22.965238
1897,2025-03-11,32,847,2025-05-21 20:58:22.965238
1898,2025-03-12,32,846,2025-05-21 20:58:22.966236
1899,2025-03-13,32,847,2025-05-21 20:58:22.966236
1900,2025-03-14,32,847,2025-05-21 20:58:22.966236
1901,2025-03-15,32,846,2025-05-21 20:58:22.967499
1902,2025-03-16,32,847,2025-05-21 20:58:22.968503
1903,2025-03-17,32,847,2025-05-21 20:58:22.969561
1904,2025-03-18,32,847,2025-05-21 20:58:22.969561
1905,2025-03-19,32,847,2025-05-21 20:58:22.970566
1906,2025-03-20,32,847,2025-05-21 20:58:22.970566
1907,2025-03-21,32,846,2025-05-21 20:58:22.971570
1908,2025-03-22,32,848,2025-05-21 20:58:22.971570
1909,2025-03-23,32,848,2025-05-21 20:58:22.973058
1910,2025-03-24,32,847,2025-05-21 20:58:22.973058
1911,2025-03-25,32,848,2025-05-21 20:58:22.974349
1912,2025-03-26,32,846,2025-05-21 20:58:22.974349
1913,2025-03-27,32,847,2025-05-21 20:58:22.975700
1914,2025-03-28,32,847,2025-05-21 20:58:22.975700
1915,2025-03-29,32,847,2025-05-21 20:58:22.975700
1916,2025-03-30,32,847,2025-05-21 20:58:22.977060
1917,2025-03-31,32,847,2025-05-21 20:58:22.977060
1918,2025-04-01,32,847,2025-05-21 20:58:22.977060
1919,2025-04-02,32,848,2025-05-21 20:58:22.978564
1920,2025-04-03,32,847,2025-05-21 20:58:22.978564
1921,2025-04-04,32,845,2025-05-21 20:58:22.978564
1922,2025-04-05,32,846,2025-05-21 20:58:22.980008
1923,2025-04-06,32,847,2025-05-21 20:58:22.980008
1924,2025-04-07,32,846,2025-05-21 20:58:22.981396
1925,2025-04-08,32,846,2025-05-21 20:58:22.981396
1926,2025-04-09,33,847,2025-05-21 20:58:22.981396
1927,2025-04-10,33,847,2025-05-21 20:58:22.982408
1928,2025-04-11,33,847,2025-05-21 20:58:22.982408
1929,2025-04-12,33,846,2025-05-21 20:58:22.983401
1930,2025-04-13,33,846,2025-05-21 20:58:22.984908
1931,2025-04-14,33,846,2025-05-21 20:58:22.984908
1932,2025-04-15,34,848,2025-05-21 20:58:22.985915
1933,2025-04-16,34,849,2025-05-21 20:58:22.985915
1934,2025-04-17,34,848,2025-05-21 20:58:22.986914
1935,2025-04-18,34,849,2025-05-21 20:58:22.986914
1936,2025-04-19,34,849,2025-05-21 20:58:22.986914
1937,2025-04-20,34,849,2025-05-21 20:58:22.986914
1938,2025-04-21,34,852,2025-05-21 20:58:22.988423
1939,2025-04-22,34,852,2025-05-21 20:58:22.989435
1940,2025-04-23,34,853,2025-05-21 20:58:22.989435
1941,2025-04-24,34,856,2025-05-21 20:58:22.990432
1942,2025-04-25,34,856,2025-05-21 20:58:22.990432
1943,2025-04-26,34,856,2025-05-21 20:58:22.991440
1944,2025-04-27,34,856,2025-05-21 20:58:22.991440
1945,2025-04-28,34,856,2025-05-21 20:58:22.991440
1946,2025-04-29,34,857,2025-05-21 20:58:22.992877
1947,2025-04-30,33,856,2025-05-21 20:58:22.992877
1948,2025-05-01,33,856,2025-05-21 20:58:22.992877
1949,2025-05-02,33,857,2025-05-21 20:58:22.994294
1950,2025-05-03,33,857,2025-05-21 20:58:22.994294
1951,2025-05-04,33,858,2025-05-21 20:58:22.994294
1952,2025-05-05,33,858,2025-05-21 20:58:22.995402
1953,2025-05-06,33,857,2025-05-21 20:58:22.995402
1954,2025-05-07,33,856,2025-05-21 20:58:22.996542
1955,2025-05-08,33,856,2025-05-21 20:58:22.997556
1956,2025-05-09,33,856,2025-05-21 20:58:22.997556
1957,2025-05-10,33,856,2025-05-21 20:58:22.999059
1958,2025-05-11,33,856,2025-05-21 20:58:23.000066
1959,2025-05-12,33,855,2025-05-21 20:58:23.001069
1960,2025-05-13,33,853,2025-05-21 20:58:23.001069
1961,2025-05-14,33,852,2025-05-21 20:58:23.002077
1962,2025-05-15,33,852,2025-05-21 20:58:23.002077
1963,2025-05-16,33,851,2025-05-21 20:58:23.003077
1964,2025-05-17,33,852,2025-05-21 20:58:23.004076
1965,2025-05-18,33,851,2025-05-21 20:58:23.004076
1966,2025-05-19,33,851,2025-05-21 20:58:23.005077
1967,2025-05-20,33,851,2025-05-21 20:58:23.005077
1968,2025-05-21,33,851,2025-05-21 20:58:23.006077
